證券代碼,年月日,收盤價(元)
Y9999 加權指數,20150105,9274.11
Y9999 加權指數,20150106,9048.34
Y9999 加權指數,20150107,9080.09
Y9999 加權指數,20150108,9238.03
Y9999 加權指數,20150109,9215.58
Y9999 加權指數,20150112,9178.3
Y9999 加權指數,20150113,9231.8
Y9999 加權指數,20150114,9180.23
Y9999 加權指數,20150115,9165.09
Y9999 加權指數,20150116,9138.29
Y9999 加權指數,20150119,9174.06
Y9999 加權指數,20150120,9251.69
Y9999 加權指數,20150121,9319.71
Y9999 加權指數,20150122,9369.51
Y9999 加權指數,20150123,9470.94
Y9999 加權指數,20150126,9477.67
Y9999 加權指數,20150127,9521.59
Y9999 加權指數,20150128,9510.92
Y9999 加權指數,20150129,9426.9
Y9999 加權指數,20150130,9361.91
Y9999 加權指數,20150202,9386.99
Y9999 加權指數,20150203,9448.73
Y9999 加權指數,20150204,9513.92
Y9999 加權指數,20150205,9512.05
Y9999 加權指數,20150206,9456.18
Y9999 加權指數,20150209,9421.5
Y9999 加權指數,20150210,9393.7
Y9999 加權指數,20150211,9462.22
Y9999 加權指數,20150212,9496.31
Y9999 加權指數,20150213,9529.51
Y9999 加權指數,20150224,9629.37
Y9999 加權指數,20150225,9699.54
Y9999 加權指數,20150226,9622.1
Y9999 加權指數,20150302,9601.36
Y9999 加權指數,20150303,9605.77
Y9999 加權指數,20150304,9621.73
Y9999 加權指數,20150305,9595.09
Y9999 加權指數,20150306,9645.77
Y9999 加權指數,20150309,9562.98
Y9999 加權指數,20150310,9536.53
Y9999 加權指數,20150311,9523.18
Y9999 加權指數,20150312,9596
Y9999 加權指數,20150313,9579.35
Y9999 加權指數,20150316,9512.91
Y9999 加權指數,20150317,9539.44
Y9999 加權指數,20150318,9653.43
Y9999 加權指數,20150319,9736.73
Y9999 加權指數,20150320,9749.69
Y9999 加權指數,20150323,9758.09
Y9999 加權指數,20150324,9731.66
Y9999 加權指數,20150325,9667.83
Y9999 加權指數,20150326,9619.12
Y9999 加權指數,20150327,9503.72
Y9999 加權指數,20150330,9521.87
Y9999 加權指數,20150331,9586.44
Y9999 加權指數,20150401,9507.66
Y9999 加權指數,20150402,9600.32
Y9999 加權指數,20150407,9641.9
Y9999 加權指數,20150408,9571.97
Y9999 加權指數,20150409,9568.04
Y9999 加權指數,20150410,9617.7
Y9999 加權指數,20150413,9666.52
Y9999 加權指數,20150414,9642.22
Y9999 加權指數,20150415,9540.06
Y9999 加權指數,20150416,9656.87
Y9999 加權指數,20150417,9570.93
Y9999 加權指數,20150420,9552.85
Y9999 加權指數,20150421,9533.98
Y9999 加權指數,20150422,9613
Y9999 加權指數,20150423,9797.49
Y9999 加權指數,20150424,9913.28
Y9999 加權指數,20150427,9973.12
Y9999 加權指數,20150428,9956.83
Y9999 加權指數,20150429,9853.83
Y9999 加權指數,20150430,9820.05
Y9999 加權指數,20150504,9845.04
Y9999 加權指數,20150505,9820.13
Y9999 加權指數,20150506,9818.2
Y9999 加權指數,20150507,9704.11
Y9999 加權指數,20150508,9692
Y9999 加權指數,20150511,9663.72
Y9999 加權指數,20150512,9680.73
Y9999 加權指數,20150513,9724.11
Y9999 加權指數,20150514,9610.83
Y9999 加權指數,20150515,9579.48
Y9999 加權指數,20150518,9606.1
Y9999 加權指數,20150519,9716.77
Y9999 加權指數,20150520,9685.31
Y9999 加權指數,20150521,9578.56
Y9999 加權指數,20150522,9638.8
Y9999 加權指數,20150525,9645.17
Y9999 加權指數,20150526,9669.41
Y9999 加權指數,20150527,9693.54
Y9999 加權指數,20150528,9712.84
Y9999 加權指數,20150529,9701.07
Y9999 加權指數,20150601,9625.69
Y9999 加權指數,20150602,9614.26
Y9999 加權指數,20150603,9556.52
Y9999 加權指數,20150604,9348.63
Y9999 加權指數,20150605,9340.13
Y9999 加權指數,20150608,9368.43
Y9999 加權指數,20150609,9191.87
Y9999 加權指數,20150610,9298.5
Y9999 加權指數,20150611,9302.49
Y9999 加權指數,20150612,9301.93
Y9999 加權指數,20150615,9259.48
Y9999 加權指數,20150616,9212.78
Y9999 加權指數,20150617,9189.83
Y9999 加權指數,20150618,9218.37
Y9999 加權指數,20150622,9341.77
Y9999 加權指數,20150623,9391.14
Y9999 加權指數,20150624,9397.31
Y9999 加權指數,20150625,9476.34
Y9999 加權指數,20150626,9462.57
Y9999 加權指數,20150629,9236.1
Y9999 加權指數,20150630,9323.02
Y9999 加權指數,20150701,9375.23
Y9999 加權指數,20150702,9379.24
Y9999 加權指數,20150703,9358.23
Y9999 加權指數,20150706,9255.96
Y9999 加權指數,20150707,9250.16
Y9999 加權指數,20150708,8976.11
Y9999 加權指數,20150709,8914.13
Y9999 加權指數,20150713,9033.92
Y9999 加權指數,20150714,9041.76
Y9999 加權指數,20150715,9054.2
Y9999 加權指數,20150716,9042.21
Y9999 加權指數,20150717,9045.98
Y9999 加權指數,20150720,8975
Y9999 加權指數,20150721,9005.96
Y9999 加權指數,20150722,8918.7
Y9999 加權指數,20150723,8791.12
Y9999 加權指數,20150724,8767.86
Y9999 加權指數,20150727,8556.68
Y9999 加權指數,20150728,8582.49
Y9999 加權指數,20150729,8563.48
Y9999 加權指數,20150730,8651.49
Y9999 加權指數,20150731,8665.34
Y9999 加權指數,20150803,8524.41
Y9999 加權指數,20150804,8510.86
Y9999 加權指數,20150805,8542.27
Y9999 加權指數,20150806,8449.56
Y9999 加權指數,20150807,8442.29
Y9999 加權指數,20150810,8466.84
Y9999 加權指數,20150811,8394.14
Y9999 加權指數,20150812,8283.38
Y9999 加權指數,20150813,8311.74
Y9999 加權指數,20150814,8305.64
Y9999 加權指數,20150817,8213.42
Y9999 加權指數,20150818,8177.22
Y9999 加權指數,20150819,8021.84
Y9999 加權指數,20150820,8029.81
Y9999 加權指數,20150821,7786.92
Y9999 加權指數,20150824,7410.34
Y9999 加權指數,20150825,7675.64
Y9999 加權指數,20150826,7715.59
Y9999 加權指數,20150827,7824.55
Y9999 加權指數,20150828,8019.18
Y9999 加權指數,20150831,8174.92
Y9999 加權指數,20150901,8017.56
Y9999 加權指數,20150902,8035.29
Y9999 加權指數,20150903,8095.95
Y9999 加權指數,20150904,8000.6
Y9999 加權指數,20150907,7986.56
Y9999 加權指數,20150908,8001.5
Y9999 加權指數,20150909,8286.92
Y9999 加權指數,20150910,8268.68
Y9999 加權指數,20150911,8305.82
Y9999 加權指數,20150914,8307.29
Y9999 加權指數,20150915,8259.99
Y9999 加權指數,20150916,8333.29
Y9999 加權指數,20150917,8445.5
Y9999 加權指數,20150918,8462.14
Y9999 加權指數,20150921,8307.04
Y9999 加權指數,20150922,8365.92
Y9999 加權指數,20150923,8193.42
Y9999 加權指數,20150924,8123.1
Y9999 加權指數,20150925,8132.35
Y9999 加權指數,20150930,8181.24
Y9999 加權指數,20151001,8295.94
Y9999 加權指數,20151002,8305.03
Y9999 加權指數,20151005,8352.36
Y9999 加權指數,20151006,8394.1
Y9999 加權指數,20151007,8495.23
Y9999 加權指數,20151008,8445.96
Y9999 加權指數,20151012,8573.72
Y9999 加權指數,20151013,8567.92
Y9999 加權指數,20151014,8522.51
Y9999 加權指數,20151015,8601.52
Y9999 加權指數,20151016,8604.95
Y9999 加權指數,20151019,8631.5
Y9999 加權指數,20151020,8653.6
Y9999 加權指數,20151021,8609.23
Y9999 加權指數,20151022,8608.46
Y9999 加權指數,20151023,8673.81
Y9999 加權指數,20151026,8745.36
Y9999 加權指數,20151027,8701.32
Y9999 加權指數,20151028,8665.99
Y9999 加權指數,20151029,8571.08
Y9999 加權指數,20151030,8554.31
Y9999 加權指數,20151102,8614.77
Y9999 加權指數,20151103,8713.19
Y9999 加權指數,20151104,8857.02
Y9999 加權指數,20151105,8850.18
Y9999 加權指數,20151106,8693.57
Y9999 加權指數,20151109,8642.48
Y9999 加權指數,20151110,8536.9
Y9999 加權指數,20151111,8415.01
Y9999 加權指數,20151112,8428.09
Y9999 加權指數,20151113,8329.5
Y9999 加權指數,20151116,8295.4
Y9999 加權指數,20151117,8419.42
Y9999 加權指數,20151118,8340.47
Y9999 加權指數,20151119,8477.2
Y9999 加權指數,20151120,8465.45
Y9999 加權指數,20151123,8485.73
Y9999 加權指數,20151124,8400.14
Y9999 加權指數,20151125,8386.13
Y9999 加權指數,20151126,8484.9
Y9999 加權指數,20151127,8398.4
Y9999 加權指數,20151130,8320.61
Y9999 加權指數,20151201,8463.3
Y9999 加權指數,20151202,8457.4
Y9999 加權指數,20151203,8456.06
Y9999 加權指數,20151204,8398.6
Y9999 加權指數,20151207,8454.27
Y9999 加權指數,20151208,8343.86
Y9999 加權指數,20151209,8229.62
Y9999 加權指數,20151210,8216.17
Y9999 加權指數,20151211,8115.89
Y9999 加權指數,20151214,8040.16
Y9999 加權指數,20151215,8073.35
Y9999 加權指數,20151216,8184.66
Y9999 加權指數,20151217,8319.67
Y9999 加權指數,20151218,8257.32
Y9999 加權指數,20151221,8282.17
Y9999 加權指數,20151222,8292.74
Y9999 加權指數,20151223,8315.7
Y9999 加權指數,20151224,8324.36
Y9999 加權指數,20151225,8363.28
Y9999 加權指數,20151228,8358.49
Y9999 加權指數,20151229,8293.91
Y9999 加權指數,20151230,8279.99
Y9999 加權指數,20151231,8338.06
Y9999 加權指數,20160104,8114.26
Y9999 加權指數,20160105,8075.11
Y9999 加權指數,20160106,7990.39
Y9999 加權指數,20160107,7852.06
Y9999 加權指數,20160108,7893.97
Y9999 加權指數,20160111,7788.42
Y9999 加權指數,20160112,7768.45
Y9999 加權指數,20160113,7824.61
Y9999 加權指數,20160114,7742.88
Y9999 加權指數,20160115,7762.01
Y9999 加權指數,20160118,7811.18
Y9999 加權指數,20160119,7854.88
Y9999 加權指數,20160120,7699.12
Y9999 加權指數,20160121,7664.01
Y9999 加權指數,20160122,7756.18
Y9999 加權指數,20160125,7894.15
Y9999 加權指數,20160126,7828.67
Y9999 加權指數,20160127,7849.83
Y9999 加權指數,20160128,7905.1
Y9999 加權指數,20160129,8080.6
Y9999 加權指數,20160130,8145.21
Y9999 加權指數,20160201,8156.96
Y9999 加權指數,20160202,8131.24
Y9999 加權指數,20160203,8063
Y9999 加權指數,20160215,8066.51
Y9999 加權指數,20160216,8212.07
Y9999 加權指數,20160217,8214.25
Y9999 加權指數,20160218,8314.67
Y9999 加權指數,20160219,8325.04
Y9999 加權指數,20160222,8326.68
Y9999 加權指數,20160223,8334.64
Y9999 加權指數,20160224,8282.86
Y9999 加權指數,20160225,8365.86
Y9999 加權指數,20160226,8411.16
Y9999 加權指數,20160301,8485.69
Y9999 加權指數,20160302,8544.05
Y9999 加權指數,20160303,8611.79
Y9999 加權指數,20160304,8643.55
Y9999 加權指數,20160307,8659.55
Y9999 加權指數,20160308,8664.31
Y9999 加權指數,20160309,8634.11
Y9999 加權指數,20160310,8660.7
Y9999 加權指數,20160311,8706.14
Y9999 加權指數,20160314,8747.9
Y9999 加權指數,20160315,8611.18
Y9999 加權指數,20160316,8699.14
Y9999 加權指數,20160317,8734.54
Y9999 加權指數,20160318,8810.71
Y9999 加權指數,20160321,8812.7
Y9999 加權指數,20160322,8785.68
Y9999 加權指數,20160323,8766.09
Y9999 加權指數,20160324,8743.38
Y9999 加權指數,20160325,8704.97
Y9999 加權指數,20160328,8690.45
Y9999 加權指數,20160329,8617.35
Y9999 加權指數,20160330,8737.04
Y9999 加權指數,20160331,8744.83
Y9999 加權指數,20160401,8657.55
Y9999 加權指數,20160406,8513.3
Y9999 加權指數,20160407,8490.25
Y9999 加權指數,20160408,8541.5
Y9999 加權指數,20160411,8562.59
Y9999 加權指數,20160412,8531.18
Y9999 加權指數,20160413,8652.08
Y9999 加權指數,20160414,8667.71
Y9999 加權指數,20160415,8700.39
Y9999 加權指數,20160418,8666.01
Y9999 加權指數,20160419,8633.72
Y9999 加權指數,20160420,8514.48
Y9999 加權指數,20160421,8568.65
Y9999 加權指數,20160422,8535.75
Y9999 加權指數,20160425,8560.28
Y9999 加權指數,20160426,8581.57
Y9999 加權指數,20160427,8563.05
Y9999 加權指數,20160428,8473.87
Y9999 加權指數,20160429,8377.9
Y9999 加權指數,20160503,8294.12
Y9999 加權指數,20160504,8185.47
Y9999 加權指數,20160505,8167.96
Y9999 加權指數,20160506,8146.43
Y9999 加權指數,20160509,8131.83
Y9999 加權指數,20160510,8156.29
Y9999 加權指數,20160511,8135.56
Y9999 加權指數,20160512,8108.05
Y9999 加權指數,20160513,8053.69
Y9999 加權指數,20160516,8067.6
Y9999 加權指數,20160517,8140.48
Y9999 加權指數,20160518,8159.68
Y9999 加權指數,20160519,8095.98
Y9999 加權指數,20160520,8131.26
Y9999 加權指數,20160523,8344.44
Y9999 加權指數,20160524,8300.66
Y9999 加權指數,20160525,8396.2
Y9999 加權指數,20160526,8394.12
Y9999 加權指數,20160527,8463.61
Y9999 加權指數,20160530,8535.87
Y9999 加權指數,20160531,8535.59
Y9999 加權指數,20160601,8597.16
Y9999 加權指數,20160602,8556.02
Y9999 加權指數,20160603,8587.36
Y9999 加權指數,20160604,8591.57
Y9999 加權指數,20160606,8597.11
Y9999 加權指數,20160607,8679.9
Y9999 加權指數,20160608,8715.48
Y9999 加權指數,20160613,8536.22
Y9999 加權指數,20160614,8576.12
Y9999 加權指數,20160615,8606.37
Y9999 加權指數,20160616,8494.14
Y9999 加權指數,20160617,8568.08
Y9999 加權指數,20160620,8625.92
Y9999 加權指數,20160621,8684.85
Y9999 加權指數,20160622,8716.25
Y9999 加權指數,20160623,8676.68
Y9999 加權指數,20160624,8476.99
Y9999 加權指數,20160627,8458.87
Y9999 加權指數,20160628,8505.51
Y9999 加權指數,20160629,8586.56
Y9999 加權指數,20160630,8666.58
Y9999 加權指數,20160701,8738.24
Y9999 加權指數,20160704,8760.58
Y9999 加權指數,20160705,8716.07
Y9999 加權指數,20160706,8575.75
Y9999 加權指數,20160707,8640.91
Y9999 加權指數,20160711,8786.47
Y9999 加權指數,20160712,8841.46
Y9999 加權指數,20160713,8857.75
Y9999 加權指數,20160714,8866.36
Y9999 加權指數,20160715,8949.85
Y9999 加權指數,20160718,9008.21
Y9999 加權指數,20160719,9034.87
Y9999 加權指數,20160720,9007.68
Y9999 加權指數,20160721,9056.56
Y9999 加權指數,20160722,9013.14
Y9999 加權指數,20160725,8991.67
Y9999 加權指數,20160726,9024.79
Y9999 加權指數,20160727,9063.39
Y9999 加權指數,20160728,9076.64
Y9999 加權指數,20160729,8984.41
Y9999 加權指數,20160801,9080.71
Y9999 加權指數,20160802,9068.76
Y9999 加權指數,20160803,9001.71
Y9999 加權指數,20160804,9024.71
Y9999 加權指數,20160805,9092.12
Y9999 加權指數,20160808,9150.26
Y9999 加權指數,20160809,9155.08
Y9999 加權指數,20160810,9200.42
Y9999 加權指數,20160811,9131.83
Y9999 加權指數,20160812,9150.39
Y9999 加權指數,20160815,9148.51
Y9999 加權指數,20160816,9110.36
Y9999 加權指數,20160817,9117.7
Y9999 加權指數,20160818,9122.5
Y9999 加權指數,20160819,9034.27
Y9999 加權指數,20160822,8981.81
Y9999 加權指數,20160823,9030.93
Y9999 加權指數,20160824,9017.38
Y9999 加權指數,20160825,9115.47
Y9999 加權指數,20160826,9131.72
Y9999 加權指數,20160829,9110.17
Y9999 加權指數,20160830,9110.56
Y9999 加權指數,20160831,9068.85
Y9999 加權指數,20160901,9001.15
Y9999 加權指數,20160902,8987.55
Y9999 加權指數,20160905,9090.13
Y9999 加權指數,20160906,9181.85
Y9999 加權指數,20160907,9259.07
Y9999 加權指數,20160908,9262.89
Y9999 加權指數,20160909,9164.88
Y9999 加權指數,20160910,9053.69
Y9999 加權指數,20160912,8947.06
Y9999 加權指數,20160913,8940.83
Y9999 加權指數,20160914,8902.3
Y9999 加權指數,20160919,9152.88
Y9999 加權指數,20160920,9161.58
Y9999 加權指數,20160921,9228.5
Y9999 加權指數,20160922,9235.26
Y9999 加權指數,20160923,9284.62
Y9999 加權指數,20160926,9194.52
Y9999 加權指數,20160929,9270.9
Y9999 加權指數,20160930,9166.85
Y9999 加權指數,20161003,9234.2
Y9999 加權指數,20161004,9287.77
Y9999 加權指數,20161005,9272.28
Y9999 加權指數,20161006,9284.31
Y9999 加權指數,20161007,9265.81
Y9999 加權指數,20161011,9219.82
Y9999 加權指數,20161012,9252.6
Y9999 加權指數,20161013,9219.17
Y9999 加權指數,20161014,9165.17
Y9999 加權指數,20161017,9176.22
Y9999 加權指數,20161018,9222.58
Y9999 加權指數,20161019,9283.99
Y9999 加權指數,20161020,9317.24
Y9999 加權指數,20161021,9306.57
Y9999 加權指數,20161024,9322.5
Y9999 加權指數,20161025,9385.65
Y9999 加權指數,20161026,9362.25
Y9999 加權指數,20161027,9299.55
Y9999 加權指數,20161028,9306.92
Y9999 加權指數,20161031,9290.12
Y9999 加權指數,20161101,9272.7
Y9999 加權指數,20161102,9139.04
Y9999 加權指數,20161103,9067.27
Y9999 加權指數,20161104,9068.15
Y9999 加權指數,20161107,9189.84
Y9999 加權指數,20161108,9217.43
Y9999 加權指數,20161109,8943.2
Y9999 加權指數,20161110,9152.18
Y9999 加權指數,20161111,8957.76
Y9999 加權指數,20161114,8940.4
Y9999 加權指數,20161115,8931.03
Y9999 加權指數,20161116,8962.22
Y9999 加權指數,20161117,8995.26
Y9999 加權指數,20161118,9008.79
Y9999 加權指數,20161121,9041.11
Y9999 加權指數,20161122,9133.39
Y9999 加權指數,20161123,9178.23
Y9999 加權指數,20161124,9152.11
Y9999 加權指數,20161125,9159.07
Y9999 加權指數,20161128,9222.24
Y9999 加權指數,20161129,9192.38
Y9999 加權指數,20161130,9240.71
Y9999 加權指數,20161201,9263.53
Y9999 加權指數,20161202,9189.49
Y9999 加權指數,20161205,9160.66
Y9999 加權指數,20161206,9250.77
Y9999 加權指數,20161207,9263.89
Y9999 加權指數,20161208,9375.86
Y9999 加權指數,20161209,9392.68
Y9999 加權指數,20161212,9349.94
Y9999 加權指數,20161213,9382.14
Y9999 加權指數,20161214,9368.52
Y9999 加權指數,20161215,9360.35
Y9999 加權指數,20161216,9326.78
Y9999 加權指數,20161219,9239.32
Y9999 加權指數,20161220,9242.41
Y9999 加權指數,20161221,9204.26
Y9999 加權指數,20161222,9118.75
Y9999 加權指數,20161223,9078.64
Y9999 加權指數,20161226,9110.54
Y9999 加權指數,20161227,9109.27
Y9999 加權指數,20161228,9201.4
Y9999 加權指數,20161229,9153.09
Y9999 加權指數,20161230,9253.5
Y9999 加權指數,20170103,9272.88
Y9999 加權指數,20170104,9286.96
Y9999 加權指數,20170105,9358.14
Y9999 加權指數,20170106,9372.22
Y9999 加權指數,20170109,9342.42
Y9999 加權指數,20170110,9349.64
Y9999 加權指數,20170111,9345.74
Y9999 加權指數,20170112,9410.18
Y9999 加權指數,20170113,9378.83
Y9999 加權指數,20170116,9292.33
Y9999 加權指數,20170117,9354.53
Y9999 加權指數,20170118,9341.97
Y9999 加權指數,20170119,9318.12
Y9999 加權指數,20170120,9331.46
Y9999 加權指數,20170123,9424.05
Y9999 加權指數,20170124,9447.95
Y9999 加權指數,20170202,9428.97
Y9999 加權指數,20170203,9455.56
Y9999 加權指數,20170206,9538.01
Y9999 加權指數,20170207,9554.56
Y9999 加權指數,20170208,9543.25
Y9999 加權指數,20170209,9590.18
Y9999 加權指數,20170210,9665.59
Y9999 加權指數,20170213,9710.32
Y9999 加權指數,20170214,9718.78
Y9999 加權指數,20170215,9799.76
Y9999 加權指數,20170216,9771.25
Y9999 加權指數,20170217,9759.76
Y9999 加權指數,20170218,9779.92
Y9999 加權指數,20170220,9753.2
Y9999 加權指數,20170221,9763.93
Y9999 加權指數,20170222,9778.78
Y9999 加權指數,20170223,9769.31
Y9999 加權指數,20170224,9750.47
Y9999 加權指數,20170301,9674.78
Y9999 加權指數,20170302,9691.8
Y9999 加權指數,20170303,9648.21
Y9999 加權指數,20170306,9682.63
Y9999 加權指數,20170307,9738.07
Y9999 加權指數,20170308,9753.45
Y9999 加權指數,20170309,9658.61
Y9999 加權指數,20170310,9627.89
Y9999 加權指數,20170313,9697.34
Y9999 加權指數,20170314,9744.21
Y9999 加權指數,20170315,9740.31
Y9999 加權指數,20170316,9837.83
Y9999 加權指數,20170317,9908.69
Y9999 加權指數,20170320,9912.97
Y9999 加權指數,20170321,9972.49
Y9999 加權指數,20170322,9922.66
Y9999 加權指數,20170323,9930.74
Y9999 加權指數,20170324,9902.98
Y9999 加權指數,20170327,9876.77
Y9999 加權指數,20170328,9876.45
Y9999 加權指數,20170329,9856.25
Y9999 加權指數,20170330,9848.15
Y9999 加權指數,20170331,9811.52
Y9999 加權指數,20170405,9949.48
Y9999 加權指數,20170406,9897.8
Y9999 加權指數,20170407,9873.37
Y9999 加權指數,20170410,9882.54
Y9999 加權指數,20170411,9832.42
Y9999 加權指數,20170412,9817.68
Y9999 加權指數,20170413,9836.68
Y9999 加權指數,20170414,9732.93
Y9999 加權指數,20170417,9716.4
Y9999 加權指數,20170418,9746.56
Y9999 加權指數,20170419,9639.94
Y9999 加權指數,20170420,9632.69
Y9999 加權指數,20170421,9717.41
Y9999 加權指數,20170424,9717.95
Y9999 加權指數,20170425,9841.71
Y9999 加權指數,20170426,9856.45
Y9999 加權指數,20170427,9860.62
Y9999 加權指數,20170428,9872
Y9999 加權指數,20170502,9941.27
Y9999 加權指數,20170503,9955.33
Y9999 加權指數,20170504,9967.64
Y9999 加權指數,20170505,9899.94
Y9999 加權指數,20170508,9937.25
Y9999 加權指數,20170509,9915.48
Y9999 加權指數,20170510,9968.32
Y9999 加權指數,20170511,10001.48
Y9999 加權指數,20170512,9986.82
Y9999 加權指數,20170515,10036.82
Y9999 加權指數,20170516,10031.49
Y9999 加權指數,20170517,10013.67
Y9999 加權指數,20170518,9969.45
Y9999 加權指數,20170519,9947.62
Y9999 加權指數,20170522,9997.26
Y9999 加權指數,20170523,10007.84
Y9999 加權指數,20170524,10044.42
Y9999 加權指數,20170525,10108.49
Y9999 加權指數,20170526,10101.95
Y9999 加權指數,20170531,10040.72
Y9999 加權指數,20170601,10087.42
Y9999 加權指數,20170602,10152.53
Y9999 加權指數,20170603,10158.15
Y9999 加權指數,20170605,10226.84
Y9999 加權指數,20170606,10206.18
Y9999 加權指數,20170607,10209.99
Y9999 加權指數,20170608,10225.78
Y9999 加權指數,20170609,10199.65
Y9999 加權指數,20170612,10109.96
Y9999 加權指數,20170613,10128.15
Y9999 加權指數,20170614,10072.46
Y9999 加權指數,20170615,10088.35
Y9999 加權指數,20170616,10156.73
Y9999 加權指數,20170619,10250.6
Y9999 加權指數,20170620,10324.46
Y9999 加權指數,20170621,10349.72
Y9999 加權指數,20170622,10399.06
Y9999 加權指數,20170623,10377.7
Y9999 加權指數,20170626,10513.96
Y9999 加權指數,20170627,10512.06
Y9999 加權指數,20170628,10390.55
Y9999 加權指數,20170629,10421.65
Y9999 加權指數,20170630,10395.07
Y9999 加權指數,20170703,10412.79
Y9999 加權指數,20170704,10347.78
Y9999 加權指數,20170705,10404.79
Y9999 加權指數,20170706,10368.2
Y9999 加權指數,20170707,10297.25
Y9999 加權指數,20170710,10289.91
Y9999 加權指數,20170711,10415.57
Y9999 加權指數,20170712,10420.68
Y9999 加權指數,20170713,10460.15
Y9999 加權指數,20170714,10443.91
Y9999 加權指數,20170717,10457.54
Y9999 加權指數,20170718,10481.26
Y9999 加權指數,20170719,10506.1
Y9999 加權指數,20170720,10499.36
Y9999 加權指數,20170721,10436.7
Y9999 加權指數,20170724,10461.28
Y9999 加權指數,20170725,10463.15
Y9999 加權指數,20170726,10419.11
Y9999 加權指數,20170727,10508.37
Y9999 加權指數,20170728,10423.05
Y9999 加權指數,20170731,10427.33
Y9999 加權指數,20170801,10437.29
Y9999 加權指數,20170802,10519.27
Y9999 加權指數,20170803,10469.88
Y9999 加權指數,20170804,10506.56
Y9999 加權指數,20170807,10579.38
Y9999 加權指數,20170808,10568.97
Y9999 加權指數,20170809,10470.38
Y9999 加權指數,20170810,10329.74
Y9999 加權指數,20170811,10329.57
Y9999 加權指數,20170814,10225.28
Y9999 加權指數,20170815,10311.16
Y9999 加權指數,20170816,10290.39
Y9999 加權指數,20170817,10369.37
Y9999 加權指數,20170818,10321.33
Y9999 加權指數,20170821,10326.39
Y9999 加權指數,20170822,10392.07
Y9999 加權指數,20170823,10406.81
Y9999 加權指數,20170824,10488.96
Y9999 加權指數,20170825,10515.51
Y9999 加權指數,20170828,10525.98
Y9999 加權指數,20170829,10496.57
Y9999 加權指數,20170830,10569.4
Y9999 加權指數,20170831,10585.78
Y9999 加權指數,20170901,10594.82
Y9999 加權指數,20170904,10569.87
Y9999 加權指數,20170905,10617.84
Y9999 加權指數,20170906,10547.86
Y9999 加權指數,20170907,10538.51
Y9999 加權指數,20170908,10609.95
Y9999 加權指數,20170911,10572.16
Y9999 加權指數,20170912,10610.35
Y9999 加權指數,20170913,10532.88
Y9999 加權指數,20170914,10553.57
Y9999 加權指數,20170915,10580.41
Y9999 加權指數,20170918,10631.57
Y9999 加權指數,20170919,10576.14
Y9999 加權指數,20170920,10519.17
Y9999 加權指數,20170921,10578.44
Y9999 加權指數,20170922,10449.68
Y9999 加權指數,20170925,10335.89
Y9999 加權指數,20170926,10257.02
Y9999 加權指數,20170927,10326.68
Y9999 加權指數,20170928,10296.45
Y9999 加權指數,20170929,10329.94
Y9999 加權指數,20170930,10383.94
Y9999 加權指數,20171002,10465.16
Y9999 加權指數,20171003,10469.35
Y9999 加權指數,20171005,10518.27
Y9999 加權指數,20171006,10532.81
Y9999 加權指數,20171011,10641.19
Y9999 加權指數,20171012,10711.44
Y9999 加權指數,20171013,10724.09
Y9999 加權指數,20171016,10774.21
Y9999 加權指數,20171017,10723.15
Y9999 加權指數,20171018,10720.28
Y9999 加權指數,20171019,10760.29
Y9999 加權指數,20171020,10728.88
Y9999 加權指數,20171023,10735.21
Y9999 加權指數,20171024,10743.78
Y9999 加權指數,20171025,10750.57
Y9999 加權指數,20171026,10734.76
Y9999 加權指數,20171027,10709.11
Y9999 加權指數,20171030,10756.87
Y9999 加權指數,20171031,10793.8
Y9999 加權指數,20171101,10806.36
Y9999 加權指數,20171102,10788.51
Y9999 加權指數,20171103,10800.77
Y9999 加權指數,20171106,10786.19
Y9999 加權指數,20171107,10840.34
Y9999 加權指數,20171108,10818.99
Y9999 加權指數,20171109,10743.27
Y9999 加權指數,20171110,10732.67
Y9999 加權指數,20171113,10683.92
Y9999 加權指數,20171114,10687.18
Y9999 加權指數,20171115,10630.65
Y9999 加權指數,20171116,10625.04
Y9999 加權指數,20171117,10701.64
Y9999 加權指數,20171120,10664.55
Y9999 加權指數,20171121,10779.24
Y9999 加權指數,20171122,10822.59
Y9999 加權指數,20171123,10854.57
Y9999 加權指數,20171124,10854.09
Y9999 加權指數,20171127,10750.93
Y9999 加權指數,20171128,10707.07
Y9999 加權指數,20171129,10713.55
Y9999 加權指數,20171130,10560.44
Y9999 加權指數,20171201,10600.37
Y9999 加權指數,20171204,10651.11
Y9999 加權指數,20171205,10566.85
Y9999 加權指數,20171206,10393.92
Y9999 加權指數,20171207,10355.76
Y9999 加權指數,20171208,10398.62
Y9999 加權指數,20171211,10473.09
Y9999 加權指數,20171212,10443.28
Y9999 加權指數,20171213,10470.7
Y9999 加權指數,20171214,10538.01
Y9999 加權指數,20171215,10491.44
Y9999 加權指數,20171218,10506.52
Y9999 加權指數,20171219,10467.34
Y9999 加權指數,20171220,10504.52
Y9999 加權指數,20171221,10488.97
Y9999 加權指數,20171222,10537.27
Y9999 加權指數,20171225,10522.49
Y9999 加權指數,20171226,10421.91
Y9999 加權指數,20171227,10486.67
Y9999 加權指數,20171228,10567.64
Y9999 加權指數,20171229,10642.86
Y9999 加權指數,20180102,10710.73
Y9999 加權指數,20180103,10801.57
Y9999 加權指數,20180104,10848.63
Y9999 加權指數,20180105,10879.8
Y9999 加權指數,20180108,10915.75
Y9999 加權指數,20180109,10914.89
Y9999 加權指數,20180110,10831.09
Y9999 加權指數,20180111,10810.06
Y9999 加權指數,20180112,10883.96
Y9999 加權指數,20180115,10956.31
Y9999 加權指數,20180116,10986.11
Y9999 加權指數,20180117,11004.8
Y9999 加權指數,20180118,11071.57
Y9999 加權指數,20180119,11150.85
Y9999 加權指數,20180122,11231.46
Y9999 加權指數,20180123,11253.11
Y9999 加權指數,20180124,11152.16
Y9999 加權指數,20180125,11165.95
Y9999 加權指數,20180126,11147.1
Y9999 加權指數,20180129,11221.81
Y9999 加權指數,20180130,11076.78
Y9999 加權指數,20180131,11103.79
Y9999 加權指數,20180201,11160.25
Y9999 加權指數,20180202,11126.23
Y9999 加權指數,20180205,10946.25
Y9999 加權指數,20180206,10404
Y9999 加權指數,20180207,10551.54
Y9999 加權指數,20180208,10528.52
Y9999 加權指數,20180209,10371.75
Y9999 加權指數,20180212,10421.09
Y9999 加權指數,20180221,10714.44
Y9999 加權指數,20180222,10662.38
Y9999 加權指數,20180223,10794.55
Y9999 加權指數,20180226,10836.7
Y9999 加權指數,20180227,10815.47
Y9999 加權指數,20180301,10785.79
Y9999 加權指數,20180302,10698.17
Y9999 加權指數,20180305,10642.9
Y9999 加權指數,20180306,10784.34
Y9999 加權指數,20180307,10745.32
Y9999 加權指數,20180308,10823.24
Y9999 加權指數,20180309,10864.82
Y9999 加權指數,20180312,11002.1
Y9999 加權指數,20180313,11095.63
Y9999 加權指數,20180314,11038.8
Y9999 加權指數,20180315,11018.45
Y9999 加權指數,20180316,11027.7
Y9999 加權指數,20180319,11046.9
Y9999 加權指數,20180320,11010.84
Y9999 加權指數,20180321,11011.07
Y9999 加權指數,20180322,11005.84
Y9999 加權指數,20180323,10823.33
Y9999 加權指數,20180326,10840.05
Y9999 加權指數,20180327,10986.79
Y9999 加權指數,20180328,10865.66
Y9999 加權指數,20180329,10845.92
Y9999 加權指數,20180330,10906.22
Y9999 加權指數,20180331,10919.49
Y9999 加權指數,20180402,10888.27
Y9999 加權指數,20180403,10821.53
Y9999 加權指數,20180409,10893.53
Y9999 加權指數,20180410,10927.18
Y9999 加權指數,20180411,10974.02
Y9999 加權指數,20180412,10955.29
Y9999 加權指數,20180413,10965.39
Y9999 加權指數,20180416,10954.55
Y9999 加權指數,20180417,10810.45
Y9999 加權指數,20180418,10847.89
Y9999 加權指數,20180419,10971.22
Y9999 加權指數,20180420,10779.38
Y9999 加權指數,20180423,10697.13
Y9999 加權指數,20180424,10579.5
Y9999 加權指數,20180425,10559.97
Y9999 加權指數,20180426,10488.58
Y9999 加權指數,20180427,10553.43
Y9999 加權指數,20180430,10657.88
Y9999 加權指數,20180502,10618.81
Y9999 加權指數,20180503,10514.18
Y9999 加權指數,20180504,10529.37
Y9999 加權指數,20180507,10604.91
Y9999 加權指數,20180508,10691.38
Y9999 加權指數,20180509,10703.35
Y9999 加權指數,20180510,10760.21
Y9999 加權指數,20180511,10858.98
Y9999 加權指數,20180514,10952.39
Y9999 加權指數,20180515,10874.73
Y9999 加權指數,20180516,10897.57
Y9999 加權指數,20180517,10833.81
Y9999 加權指數,20180518,10830.84
Y9999 加權指數,20180521,10966.2
Y9999 加權指數,20180522,10938.73
Y9999 加權指數,20180523,10886.18
Y9999 加權指數,20180524,10936.93
Y9999 加權指數,20180525,10942.3
Y9999 加權指數,20180528,10987.77
Y9999 加權指數,20180529,10964.12
Y9999 加權指數,20180530,10821.17
Y9999 加權指數,20180531,10874.96
Y9999 加權指數,20180601,10949.08
Y9999 加權指數,20180604,11109.5
Y9999 加權指數,20180605,11100.11
Y9999 加權指數,20180606,11201.83
Y9999 加權指數,20180607,11251.75
Y9999 加權指數,20180608,11156.42
Y9999 加權指數,20180611,11149.23
Y9999 加權指數,20180612,11144.79
Y9999 加權指數,20180613,11173.21
Y9999 加權指數,20180614,11013.98
Y9999 加權指數,20180615,11087.47
Y9999 加權指數,20180619,10904.19
Y9999 加權指數,20180620,10927.44
Y9999 加權指數,20180621,10941.07
Y9999 加權指數,20180622,10899.28
Y9999 加權指數,20180625,10786.46
Y9999 加權指數,20180626,10742.17
Y9999 加權指數,20180627,10701.03
Y9999 加權指數,20180628,10654.28
Y9999 加權指數,20180629,10836.91
Y9999 加權指數,20180702,10777.94
Y9999 加權指數,20180703,10715.72
Y9999 加權指數,20180704,10721.87
Y9999 加權指數,20180705,10611.81
Y9999 加權指數,20180706,10608.57
Y9999 加權指數,20180709,10720.28
Y9999 加權指數,20180710,10756.89
Y9999 加權指數,20180711,10676.84
Y9999 加權指數,20180712,10738.38
Y9999 加權指數,20180713,10864.54
Y9999 加權指數,20180716,10817.45
Y9999 加權指數,20180717,10778.99
Y9999 加權指數,20180718,10842.46
Y9999 加權指數,20180719,10835.38
Y9999 加權指數,20180720,10932.11
Y9999 加權指數,20180723,10946.89
Y9999 加權指數,20180724,10995.39
Y9999 加權指數,20180725,10965.79
Y9999 加權指數,20180726,11010.61
Y9999 加權指數,20180727,11075.78
Y9999 加權指數,20180730,11033.54
Y9999 加權指數,20180731,11057.51
Y9999 加權指數,20180801,11098.13
Y9999 加權指數,20180802,10929.77
Y9999 加權指數,20180803,11012.43
Y9999 加權指數,20180806,11024.1
Y9999 加權指數,20180807,10983.44
Y9999 加權指數,20180808,11075.25
Y9999 加權指數,20180809,11028.07
Y9999 加權指數,20180810,10983.68
Y9999 加權指數,20180813,10748.92
Y9999 加權指數,20180814,10824.23
Y9999 加權指數,20180815,10716.75
Y9999 加權指數,20180816,10683.9
Y9999 加權指數,20180817,10690.96
Y9999 加權指數,20180820,10699.05
Y9999 加權指數,20180821,10792.2
Y9999 加權指數,20180822,10804.2
Y9999 加權指數,20180823,10863.13
Y9999 加權指數,20180824,10809.35
Y9999 加權指數,20180827,10902.21
Y9999 加權指數,20180828,10989.55
Y9999 加權指數,20180829,11099.57
Y9999 加權指數,20180830,11093.75
Y9999 加權指數,20180831,11063.94
Y9999 加權指數,20180903,10964.22
Y9999 加權指數,20180904,11021.38
Y9999 加權指數,20180905,10995.13
Y9999 加權指數,20180906,10924.3
Y9999 加權指數,20180907,10846.99
Y9999 加權指數,20180910,10725.8
Y9999 加權指數,20180911,10752.3
Y9999 加權指數,20180912,10722.57
Y9999 加權指數,20180913,10727.23
Y9999 加權指數,20180914,10868.14
Y9999 加權指數,20180917,10828.61
Y9999 加權指數,20180918,10760.21
Y9999 加權指數,20180919,10857.27
Y9999 加權指數,20180920,10831.41
Y9999 加權指數,20180921,10972.41
Y9999 加權指數,20180925,10978.85
Y9999 加權指數,20180926,10974.19
Y9999 加權指數,20180927,11034.19
Y9999 加權指數,20180928,11006.34
Y9999 加權指數,20181001,11051.8
Y9999 加權指數,20181002,10919.63
Y9999 加權指數,20181003,10863.94
Y9999 加權指數,20181004,10718.91
Y9999 加權指數,20181005,10517.12
Y9999 加權指數,20181008,10455.93
Y9999 加權指數,20181009,10466.83
Y9999 加權指數,20181011,9806.11
Y9999 加權指數,20181012,10045.81
Y9999 加權指數,20181015,9901.12
Y9999 加權指數,20181016,9981.1
Y9999 加權指數,20181017,9979.14
Y9999 加權指數,20181018,9953.73
Y9999 加權指數,20181019,9919.26
Y9999 加權指數,20181022,9974.28
Y9999 加權指數,20181023,9775.2
Y9999 加權指數,20181024,9759.4
Y9999 加權指數,20181025,9520.79
Y9999 加權指數,20181026,9489.18
Y9999 加權指數,20181029,9516.32
Y9999 加權指數,20181030,9526.11
Y9999 加權指數,20181031,9802.13
Y9999 加權指數,20181101,9844.74
Y9999 加權指數,20181102,9906.59
Y9999 加權指數,20181105,9889.81
Y9999 加權指數,20181106,9824.95
Y9999 加權指數,20181107,9908.35
Y9999 加權指數,20181108,9945.31
Y9999 加權指數,20181109,9830.01
Y9999 加權指數,20181112,9831.21
Y9999 加權指數,20181113,9775.84
Y9999 加權指數,20181114,9791.88
Y9999 加權指數,20181115,9826.46
Y9999 加權指數,20181116,9797.09
Y9999 加權指數,20181119,9828.69
Y9999 加權指數,20181120,9743.99
Y9999 加權指數,20181121,9741.52
Y9999 加權指數,20181122,9714.71
Y9999 加權指數,20181123,9667.3
Y9999 加權指數,20181126,9765.36
Y9999 加權指數,20181127,9778.62
Y9999 加權指數,20181128,9884.31
Y9999 加權指數,20181129,9885.36
Y9999 加權指數,20181130,9888.03
Y9999 加權指數,20181203,10137.87
Y9999 加權指數,20181204,10083.54
Y9999 加權指數,20181205,9916.74
Y9999 加權指數,20181206,9684.72
Y9999 加權指數,20181207,9760.88
Y9999 加權指數,20181210,9647.54
Y9999 加權指數,20181211,9707.04
Y9999 加權指數,20181212,9816.45
Y9999 加權指數,20181213,9858.76
Y9999 加權指數,20181214,9774.16
Y9999 加權指數,20181217,9787.53
Y9999 加權指數,20181218,9718.82
Y9999 加權指數,20181219,9783.21
Y9999 加權指數,20181220,9674.52
Y9999 加權指數,20181221,9676.67
Y9999 加權指數,20181222,9646.16
Y9999 加權指數,20181224,9639.7
Y9999 加權指數,20181225,9527.09
Y9999 加權指數,20181226,9478.99
Y9999 加權指數,20181227,9641.56
Y9999 加權指數,20181228,9727.41
Y9999 加權指數,20190102,9554.14
Y9999 加權指數,20190103,9492.42
Y9999 加權指數,20190104,9382.51
Y9999 加權指數,20190107,9590.3
Y9999 加權指數,20190108,9563.6
Y9999 加權指數,20190109,9738.31
Y9999 加權指數,20190110,9720.69
Y9999 加權指數,20190111,9759.4
Y9999 加權指數,20190114,9708.22
Y9999 加權指數,20190115,9806.04
Y9999 加權指數,20190116,9763.81
Y9999 加權指數,20190117,9789.15
Y9999 加權指數,20190118,9836.06
Y9999 加權指數,20190121,9889.4
Y9999 加權指數,20190122,9894.66
Y9999 加權指數,20190123,9846.4
Y9999 加權指數,20190124,9877.12
Y9999 加權指數,20190125,9969.61
Y9999 加權指數,20190128,10013.33
Y9999 加權指數,20190129,9931.59
Y9999 加權指數,20190130,9932.26
Y9999 加權指數,20190211,10004.25
Y9999 加權指數,20190212,10097.74
Y9999 加權指數,20190213,10090.58
Y9999 加權指數,20190214,10089.01
Y9999 加權指數,20190215,10064.78
Y9999 加權指數,20190218,10145.28
Y9999 加權指數,20190219,10152.26
Y9999 加權指數,20190220,10272.46
Y9999 加權指數,20190221,10319.53
Y9999 加權指數,20190222,10322.92
Y9999 加權指數,20190225,10390.93
Y9999 加權指數,20190226,10391.55
Y9999 加權指數,20190227,10389.17
Y9999 加權指數,20190304,10349.88
Y9999 加權指數,20190305,10305.26
Y9999 加權指數,20190306,10357.15
Y9999 加權指數,20190307,10311.68
Y9999 加權指數,20190308,10241.75
Y9999 加權指數,20190311,10250.28
Y9999 加權指數,20190312,10343.33
Y9999 加權指數,20190313,10373.32
Y9999 加權指數,20190314,10348.65
Y9999 加權指數,20190315,10439.24
Y9999 加權指數,20190318,10512.7
Y9999 加權指數,20190319,10512.32
Y9999 加權指數,20190320,10551.56
Y9999 加權指數,20190321,10609.55
Y9999 加權指數,20190322,10639.07
Y9999 加權指數,20190325,10479.48
Y9999 加權指數,20190326,10559.2
Y9999 加權指數,20190327,10542.7
Y9999 加權指數,20190328,10536.26
Y9999 加權指數,20190329,10641.04
Y9999 加權指數,20190401,10642.63
Y9999 加權指數,20190402,10690.3
Y9999 加權指數,20190403,10704.38
Y9999 加權指數,20190408,10800.57
Y9999 加權指數,20190409,10851.6
Y9999 加權指數,20190410,10868.14
Y9999 加權指數,20190411,10808.77
Y9999 加權指數,20190412,10805.3
Y9999 加權指數,20190415,10875.6
Y9999 加權指數,20190416,10927.85
Y9999 加權指數,20190417,10997.26
Y9999 加權指數,20190418,10962.02
Y9999 加權指數,20190419,10968.5
Y9999 加權指數,20190422,10987.71
Y9999 加權指數,20190423,11025.68
Y9999 加權指數,20190424,11027.64
Y9999 加權指數,20190425,11039.86
Y9999 加權指數,20190426,10952.47
Y9999 加權指數,20190429,10939.06
Y9999 加權指數,20190430,10967.73
Y9999 加權指數,20190502,11004.49
Y9999 加權指數,20190503,11096.3
Y9999 加權指數,20190506,10897.12
Y9999 加權指數,20190507,10987.14
Y9999 加權指數,20190508,10923.71
Y9999 加權指數,20190509,10733.67
Y9999 加權指數,20190510,10712.99
Y9999 加權指數,20190513,10558.29
Y9999 加權指數,20190514,10519.25
Y9999 加權指數,20190515,10560.71
Y9999 加權指數,20190516,10474.61
Y9999 加權指數,20190517,10384.11
Y9999 加權指數,20190520,10398.41
Y9999 加權指數,20190521,10464.5
Y9999 加權指數,20190522,10457.22
Y9999 加權指數,20190523,10308.37
Y9999 加權指數,20190524,10328.28
Y9999 加權指數,20190527,10334.13
Y9999 加權指數,20190528,10312.31
Y9999 加權指數,20190529,10301.78
Y9999 加權指數,20190530,10382.99
Y9999 加權指數,20190531,10498.49
Y9999 加權指數,20190603,10500.07
Y9999 加權指數,20190604,10429.12
Y9999 加權指數,20190605,10461.62
Y9999 加權指數,20190606,10409.2
Y9999 加權指數,20190610,10566.47
Y9999 加權指數,20190611,10607.76
Y9999 加權指數,20190612,10615.66
Y9999 加權指數,20190613,10561.01
Y9999 加權指數,20190614,10524.67
Y9999 加權指數,20190617,10530.54
Y9999 加權指數,20190618,10566.74
Y9999 加權指數,20190619,10775.34
Y9999 加權指數,20190620,10785.01
Y9999 加權指數,20190621,10803.77
Y9999 加權指數,20190624,10779.45
Y9999 加權指數,20190625,10706.72
Y9999 加權指數,20190626,10652.55
Y9999 加權指數,20190627,10773.9
Y9999 加權指數,20190628,10730.83
Y9999 加權指數,20190701,10895.46
Y9999 加權指數,20190702,10865.12
Y9999 加權指數,20190703,10743.77
Y9999 加權指數,20190704,10775.9
Y9999 加權指數,20190705,10785.73
Y9999 加權指數,20190708,10751.22
Y9999 加權指數,20190709,10702.78
Y9999 加權指數,20190710,10798.48
Y9999 加權指數,20190711,10843.42
Y9999 加權指數,20190712,10824.35
Y9999 加權指數,20190715,10876.43
Y9999 加權指數,20190716,10886.05
Y9999 加權指數,20190717,10828.48
Y9999 加權指數,20190718,10799.28
Y9999 加權指數,20190719,10873.19
Y9999 加權指數,20190722,10944.53
Y9999 加權指數,20190723,10947.26
Y9999 加權指數,20190724,10935.76
Y9999 加權指數,20190725,10941.41
Y9999 加權指數,20190726,10891.98
Y9999 加權指數,20190729,10885.73
Y9999 加權指數,20190730,10830.9
Y9999 加權指數,20190731,10823.81
Y9999 加權指數,20190801,10731.75
Y9999 加權指數,20190802,10549.04
Y9999 加權指數,20190805,10423.41
Y9999 加權指數,20190806,10394.75
Y9999 加權指數,20190807,10386.18
Y9999 加權指數,20190808,10494.49
Y9999 加權指數,20190812,10472.36
Y9999 加權指數,20190813,10362.66
Y9999 加權指數,20190814,10427.73
Y9999 加權指數,20190815,10327.13
Y9999 加權指數,20190816,10420.89
Y9999 加權指數,20190819,10488.75
Y9999 加權指數,20190820,10522.5
Y9999 加權指數,20190821,10525.8
Y9999 加權指數,20190822,10529.78
Y9999 加權指數,20190823,10538.11
Y9999 加權指數,20190826,10354.57
Y9999 加權指數,20190827,10387.23
Y9999 加權指數,20190828,10434.29
Y9999 加權指數,20190829,10462.43
Y9999 加權指數,20190830,10618.05
Y9999 加權指數,20190902,10634.85
Y9999 加權指數,20190903,10558.21
Y9999 加權指數,20190904,10657.31
Y9999 加權指數,20190905,10756.93
Y9999 加權指數,20190906,10780.64
Y9999 加權指數,20190909,10801.14
Y9999 加權指數,20190910,10753.58
Y9999 加權指數,20190911,10790.35
Y9999 加權指數,20190912,10827.55
Y9999 加權指數,20190916,10898.13
Y9999 加權指數,20190917,10874.5
Y9999 加權指數,20190918,10929.45
Y9999 加權指數,20190919,10894.7
Y9999 加權指數,20190920,10929.69
Y9999 加權指數,20190923,10919.02
Y9999 加權指數,20190924,10918.01
Y9999 加權指數,20190925,10873.69
Y9999 加權指數,20190926,10871.99
Y9999 加權指數,20190927,10829.68
Y9999 加權指數,20191001,10967.65
Y9999 加權指數,20191002,10947.88
Y9999 加權指數,20191003,10875.91
Y9999 加權指數,20191004,10894.48
Y9999 加權指數,20191007,10935.06
Y9999 加權指數,20191008,11017.31
Y9999 加權指數,20191009,10889.96
Y9999 加權指數,20191014,11066.95
Y9999 加權指數,20191015,11111.8
Y9999 加權指數,20191016,11162.83
Y9999 加權指數,20191017,11186.88
Y9999 加權指數,20191018,11180.22
Y9999 加權指數,20191021,11184.15
Y9999 加權指數,20191022,11271.25
Y9999 加權指數,20191023,11239.67
Y9999 加權指數,20191024,11320.14
Y9999 加權指數,20191025,11296.12
Y9999 加權指數,20191028,11315.02
Y9999 加權指數,20191029,11333.87
Y9999 加權指數,20191030,11380.28
Y9999 加權指數,20191031,11358.71
Y9999 加權指數,20191101,11399.53
Y9999 加權指數,20191104,11556.85
Y9999 加權指數,20191105,11644.03
Y9999 加權指數,20191106,11653.07
Y9999 加權指數,20191107,11606.56
Y9999 加權指數,20191108,11579.54
Y9999 加權指數,20191111,11427.28
Y9999 加權指數,20191112,11520.37
Y9999 加權指數,20191113,11467.83
Y9999 加權指數,20191114,11450.42
Y9999 加權指數,20191115,11525.6
Y9999 加權指數,20191118,11599.78
Y9999 加權指數,20191119,11656.4
Y9999 加權指數,20191120,11631.2
Y9999 加權指數,20191121,11558.27
Y9999 加權指數,20191122,11566.8
Y9999 加權指數,20191125,11561.58
Y9999 加權指數,20191126,11576.82
Y9999 加權指數,20191127,11647.46
Y9999 加權指數,20191128,11617.08
Y9999 加權指數,20191129,11489.57
Y9999 加權指數,20191202,11502.83
Y9999 加權指數,20191203,11531.58
Y9999 加權指數,20191204,11510.47
Y9999 加權指數,20191205,11594.65
Y9999 加權指數,20191206,11609.64
Y9999 加權指數,20191209,11660.77
Y9999 加權指數,20191210,11627.84
Y9999 加權指數,20191211,11700.77
Y9999 加權指數,20191212,11836.42
Y9999 加權指數,20191213,11927.73
Y9999 加權指數,20191216,11939.77
Y9999 加權指數,20191217,12097.01
Y9999 加權指數,20191218,12122.45
Y9999 加權指數,20191219,12018.9
Y9999 加權指數,20191220,11959.08
Y9999 加權指數,20191223,12022.23
Y9999 加權指數,20191224,11976.38
Y9999 加權指數,20191225,12008.13
Y9999 加權指數,20191226,12001.01
Y9999 加權指數,20191227,12091.59
Y9999 加權指數,20191230,12053.37
Y9999 加權指數,20191231,11997.14
Y9999 加權指數,20200102,12100.48
Y9999 加權指數,20200103,12110.43
Y9999 加權指數,20200106,11953.36
Y9999 加權指數,20200107,11880.32
Y9999 加權指數,20200108,11817.1
Y9999 加權指數,20200109,11970.63
Y9999 加權指數,20200110,12024.65
Y9999 加權指數,20200113,12113.42
Y9999 加權指數,20200114,12179.81
Y9999 加權指數,20200115,12091.88
Y9999 加權指數,20200116,12066.93
Y9999 加權指數,20200117,12090.29
Y9999 加權指數,20200120,12118.71
Y9999 加權指數,20200130,11421.74
Y9999 加權指數,20200131,11495.1
Y9999 加權指數,20200203,11354.92
Y9999 加權指數,20200204,11555.92
Y9999 加權指數,20200205,11573.62
Y9999 加權指數,20200206,11749.68
Y9999 加權指數,20200207,11612.81
Y9999 加權指數,20200210,11574.07
Y9999 加權指數,20200211,11664.04
Y9999 加權指數,20200212,11774.19
Y9999 加權指數,20200213,11791.78
Y9999 加權指數,20200214,11815.7
Y9999 加權指數,20200217,11763.51
Y9999 加權指數,20200218,11648.98
Y9999 加權指數,20200219,11758.84
Y9999 加權指數,20200220,11725.09
Y9999 加權指數,20200221,11686.35
Y9999 加權指數,20200224,11534.87
Y9999 加權指數,20200225,11540.23
Y9999 加權指數,20200226,11433.62
Y9999 加權指數,20200227,11292.17
Y9999 加權指數,20200302,11170.46
Y9999 加權指數,20200303,11327.72
Y9999 加權指數,20200304,11392.35
Y9999 加權指數,20200305,11514.82
Y9999 加權指數,20200306,11321.81
Y9999 加權指數,20200309,10977.64
Y9999 加權指數,20200310,11003.54
Y9999 加權指數,20200311,10893.75
Y9999 加權指數,20200312,10422.32
Y9999 加權指數,20200313,10128.87
Y9999 加權指數,20200316,9717.77
Y9999 加權指數,20200317,9439.63
Y9999 加權指數,20200318,9218.67
Y9999 加權指數,20200319,8681.34
Y9999 加權指數,20200320,9234.09
Y9999 加權指數,20200323,8890.03
Y9999 加權指數,20200324,9285.62
Y9999 加權指數,20200325,9644.75
Y9999 加權指數,20200326,9736.36
Y9999 加權指數,20200327,9698.92
Y9999 加權指數,20200330,9629.43
Y9999 加權指數,20200331,9708.06
Y9999 加權指數,20200401,9663.63
Y9999 加權指數,20200406,9818.74
Y9999 加權指數,20200407,9996.39
Y9999 加權指數,20200408,10137.47
Y9999 加權指數,20200409,10119.43
Y9999 加權指數,20200410,10157.61
Y9999 加權指數,20200413,10099.22
Y9999 加權指數,20200414,10332.94
Y9999 加權指數,20200415,10447.21
Y9999 加權指數,20200416,10375.48
Y9999 加權指數,20200417,10597.04
Y9999 加權指數,20200420,10586.71
Y9999 加權指數,20200421,10288.42
Y9999 加權指數,20200422,10307.74
Y9999 加權指數,20200423,10366.51
Y9999 加權指數,20200424,10347.36
Y9999 加權指數,20200427,10567.27
Y9999 加權指數,20200428,10616.06
Y9999 加權指數,20200429,10772.22
Y9999 加權指數,20200430,10992.14
Y9999 加權指數,20200504,10720.48
Y9999 加權指數,20200505,10774.61
Y9999 加權指數,20200506,10774.98
Y9999 加權指數,20200507,10842.92
Y9999 加權指數,20200508,10901.42
Y9999 加權指數,20200511,11013.26
Y9999 加權指數,20200512,10879.47
Y9999 加權指數,20200513,10938.27
Y9999 加權指數,20200514,10780.88
Y9999 加權指數,20200515,10814.92
Y9999 加權指數,20200518,10740.55
Y9999 加權指數,20200519,10860.44
Y9999 加權指數,20200520,10907.8
Y9999 加權指數,20200521,11008.31
Y9999 加權指數,20200522,10811.15
Y9999 加權指數,20200525,10871.18
Y9999 加權指數,20200526,10997.21
Y9999 加權指數,20200527,11014.66
Y9999 加權指數,20200528,10944.19
Y9999 加權指數,20200529,10942.16
Y9999 加權指數,20200601,11079.02
Y9999 加權指數,20200602,11127.93
Y9999 加權指數,20200603,11320.16
Y9999 加權指數,20200604,11393.23
Y9999 加權指數,20200605,11479.4
Y9999 加權指數,20200608,11610.32
Y9999 加權指數,20200609,11637.11
Y9999 加權指數,20200610,11720.16
Y9999 加權指數,20200611,11535.77
Y9999 加權指數,20200612,11429.94
Y9999 加權指數,20200615,11306.26
Y9999 加權指數,20200616,11511.64
Y9999 加權指數,20200617,11534.59
Y9999 加權指數,20200618,11548.33
Y9999 加權指數,20200619,11549.86
Y9999 加權指數,20200622,11572.93
Y9999 加權指數,20200623,11612.36
Y9999 加權指數,20200624,11660.67
Y9999 加權指數,20200629,11542.62
Y9999 加權指數,20200630,11621.24
Y9999 加權指數,20200701,11703.42
Y9999 加權指數,20200702,11805.14
Y9999 加權指數,20200703,11909.16
Y9999 加權指數,20200706,12116.7
Y9999 加權指數,20200707,12092.97
Y9999 加權指數,20200708,12170.19
Y9999 加權指數,20200709,12192.69
Y9999 加權指數,20200710,12073.68
Y9999 加權指數,20200713,12211.56
Y9999 加權指數,20200714,12209.01
Y9999 加權指數,20200715,12202.85
Y9999 加權指數,20200716,12157.74
Y9999 加權指數,20200717,12181.56
Y9999 加權指數,20200720,12174.54
Y9999 加權指數,20200721,12397.55
Y9999 加權指數,20200722,12473.27
Y9999 加權指數,20200723,12413.04
Y9999 加權指數,20200724,12304.04
Y9999 加權指數,20200727,12588.3
Y9999 加權指數,20200728,12586.73
Y9999 加權指數,20200729,12540.97
Y9999 加權指數,20200730,12722.92
Y9999 加權指數,20200731,12664.8
Y9999 加權指數,20200803,12513.03
Y9999 加權指數,20200804,12709.92
Y9999 加權指數,20200805,12802.3
Y9999 加權指數,20200806,12913.5
Y9999 加權指數,20200807,12828.87
Y9999 加權指數,20200810,12894
Y9999 加權指數,20200811,12780.19
Y9999 加權指數,20200812,12670.35
Y9999 加權指數,20200813,12763.13
Y9999 加權指數,20200814,12795.46
Y9999 加權指數,20200817,12956.11
Y9999 加權指數,20200818,12872.14
Y9999 加權指數,20200819,12778.64
Y9999 加權指數,20200820,12362.64
Y9999 加權指數,20200821,12607.84
Y9999 加權指數,20200824,12647.13
Y9999 加權指數,20200825,12758.25
Y9999 加權指數,20200826,12833.29
Y9999 加權指數,20200827,12797.31
Y9999 加權指數,20200828,12728.85
Y9999 加權指數,20200831,12591.45
Y9999 加權指數,20200901,12703.28
Y9999 加權指數,20200902,12699.5
Y9999 加權指數,20200903,12757.97
Y9999 加權指數,20200904,12637.95
Y9999 加權指數,20200907,12601.4
Y9999 加權指數,20200908,12663.56
Y9999 加權指數,20200909,12608.58
Y9999 加權指數,20200910,12691.75
Y9999 加權指數,20200911,12675.95
Y9999 加權指數,20200914,12787.82
Y9999 加權指數,20200915,12845.65
Y9999 加權指數,20200916,12976.76
Y9999 加權指數,20200917,12872.74
Y9999 加權指數,20200918,12875.62
Y9999 加權指數,20200921,12795.12
Y9999 加權指數,20200922,12645.51
Y9999 加權指數,20200923,12583.88
Y9999 加權指數,20200924,12264.38
Y9999 加權指數,20200925,12232.91
Y9999 加權指數,20200928,12462.76
Y9999 加權指數,20200929,12467.73
Y9999 加權指數,20200930,12515.61
Y9999 加權指數,20201005,12548.28
Y9999 加權指數,20201006,12704.23
Y9999 加權指數,20201007,12746.37
Y9999 加權指數,20201008,12887.19
Y9999 加權指數,20201012,12955.91
Y9999 加權指數,20201013,12947.13
Y9999 加權指數,20201014,12919.31
Y9999 加權指數,20201015,12827.82
Y9999 加權指數,20201016,12750.37
Y9999 加權指數,20201019,12908.34
Y9999 加權指數,20201020,12862.37
Y9999 加權指數,20201021,12877.25
Y9999 加權指數,20201022,12917.03
Y9999 加權指數,20201023,12898.82
Y9999 加權指數,20201026,12909.03
Y9999 加權指數,20201027,12875.01
Y9999 加權指數,20201028,12793.75
Y9999 加權指數,20201029,12662.91
Y9999 加權指數,20201030,12546.34
Y9999 加權指數,20201102,12591.31
Y9999 加權指數,20201103,12736.01
Y9999 加權指數,20201104,12867.9
Y9999 加權指數,20201105,12918.8
Y9999 加權指數,20201106,12973.53
Y9999 加權指數,20201109,13127.47
Y9999 加權指數,20201110,13081.72
Y9999 加權指數,20201111,13262.19
Y9999 加權指數,20201112,13221.78
Y9999 加權指數,20201113,13273.33
Y9999 加權指數,20201116,13551.83
Y9999 加權指數,20201117,13593.01
Y9999 加權指數,20201118,13773.29
Y9999 加權指數,20201119,13722.43
Y9999 加權指數,20201120,13716.44
Y9999 加權指數,20201123,13878.01
Y9999 加權指數,20201124,13807.13
Y9999 加權指數,20201125,13738.83
Y9999 加權指數,20201126,13845.66
Y9999 加權指數,20201127,13867.09
Y9999 加權指數,20201130,13722.89
Y9999 加權指數,20201201,13885.67
Y9999 加權指數,20201202,13989.14
Y9999 加權指數,20201203,13977.09
Y9999 加權指數,20201204,14132.44
Y9999 加權指數,20201207,14256.6
Y9999 加權指數,20201208,14360.4
Y9999 加權指數,20201209,14390.14
Y9999 加權指數,20201210,14249.49
Y9999 加權指數,20201211,14261.69
Y9999 加權指數,20201214,14211.05
Y9999 加權指數,20201215,14068.52
Y9999 加權指數,20201216,14304.46
Y9999 加權指數,20201217,14258.93
Y9999 加權指數,20201218,14249.96
Y9999 加權指數,20201221,14384.96
Y9999 加權指數,20201222,14177.46
Y9999 加權指數,20201223,14223.09
Y9999 加權指數,20201224,14280.28
Y9999 加權指數,20201225,14331.42
Y9999 加權指數,20201228,14483.07
Y9999 加權指數,20201229,14472.05
Y9999 加權指數,20201230,14687.7
Y9999 加權指數,20201231,14732.53
Y9999 加權指數,20210104,14902.03
Y9999 加權指數,20210105,15000.03
Y9999 加權指數,20210106,14983.13
Y9999 加權指數,20210107,15214
Y9999 加權指數,20210108,15463.95
Y9999 加權指數,20210111,15557.3
Y9999 加權指數,20210112,15500.7
Y9999 加權指數,20210113,15769.98
Y9999 加權指數,20210114,15707.19
Y9999 加權指數,20210115,15616.39
Y9999 加權指數,20210118,15612
Y9999 加權指數,20210119,15877.37
Y9999 加權指數,20210120,15806.18
Y9999 加權指數,20210121,16153.77
Y9999 加權指數,20210122,16019.03
Y9999 加權指數,20210125,15946.54
Y9999 加權指數,20210126,15658.85
Y9999 加權指數,20210127,15701.45
Y9999 加權指數,20210128,15415.88
Y9999 加權指數,20210129,15138.31
Y9999 加權指數,20210201,15410.09
Y9999 加權指數,20210202,15760.05
Y9999 加權指數,20210203,15771.32
Y9999 加權指數,20210204,15706.22
Y9999 加權指數,20210205,15802.4
Y9999 加權指數,20210217,16362.29
Y9999 加權指數,20210218,16424.51
Y9999 加權指數,20210219,16341.38
Y9999 加權指數,20210222,16410.16
Y9999 加權指數,20210223,16443.4
Y9999 加權指數,20210224,16212.53
Y9999 加權指數,20210225,16452.18
Y9999 加權指數,20210226,15953.8
Y9999 加權指數,20210302,15946.88
Y9999 加權指數,20210303,16211.73
Y9999 加權指數,20210304,15906.41
Y9999 加權指數,20210305,15855.23
Y9999 加權指數,20210308,15820.11
Y9999 加權指數,20210309,15853.09
Y9999 加權指數,20210310,15911.67
Y9999 加權指數,20210311,16179.56
Y9999 加權指數,20210312,16255.18
Y9999 加權指數,20210315,16249.33
Y9999 加權指數,20210316,16313.16
Y9999 加權指數,20210317,16215.82
Y9999 加權指數,20210318,16287.84
Y9999 加權指數,20210319,16070.24
Y9999 加權指數,20210322,16189.22
Y9999 加權指數,20210323,16177.59
Y9999 加權指數,20210324,16032.12
Y9999 加權指數,20210325,16060.14
Y9999 加權指數,20210326,16305.88
Y9999 加權指數,20210329,16475.97
Y9999 加權指數,20210330,16554.9
Y9999 加權指數,20210331,16431.13
Y9999 加權指數,20210401,16571.28
Y9999 加權指數,20210406,16739.87
Y9999 加權指數,20210407,16815.36
Y9999 加權指數,20210408,16926.44
Y9999 加權指數,20210409,16854.1
Y9999 加權指數,20210412,16859.7
Y9999 加權指數,20210413,16824.91
Y9999 加權指數,20210414,16865.97
Y9999 加權指數,20210415,17076.73
Y9999 加權指數,20210416,17158.81
Y9999 加權指數,20210419,17263.28
Y9999 加權指數,20210420,17323.87
Y9999 加權指數,20210421,17202.11
Y9999 加權指數,20210422,17096.97
Y9999 加權指數,20210423,17300.27
Y9999 加權指數,20210426,17572.29
Y9999 加權指數,20210427,17595.9
Y9999 加權指數,20210428,17567.53
Y9999 加權指數,20210429,17566.66
Y9999 加權指數,20210503,17222.35
Y9999 加權指數,20210504,16933.78
Y9999 加權指數,20210505,16843.44
Y9999 加權指數,20210506,16994.36
Y9999 加權指數,20210507,17285
Y9999 加權指數,20210510,17235.61
Y9999 加權指數,20210511,16583.13
Y9999 加權指數,20210512,15902.37
Y9999 加權指數,20210513,15670.1
Y9999 加權指數,20210514,15827.09
Y9999 加權指數,20210517,15353.89
Y9999 加權指數,20210518,16145.98
Y9999 加權指數,20210519,16132.66
Y9999 加權指數,20210520,16042.36
Y9999 加權指數,20210521,16302.06
Y9999 加權指數,20210524,16338.29
Y9999 加權指數,20210525,16595.67
Y9999 加權指數,20210526,16643.69
Y9999 加權指數,20210527,16601.61
Y9999 加權指數,20210528,16870.86
Y9999 加權指數,20210531,17068.43
Y9999 加權指數,20210601,17162.38
Y9999 加權指數,20210602,17165.04
Y9999 加權指數,20210603,17246.16
Y9999 加權指數,20210604,17147.41
Y9999 加權指數,20210607,17083.91
Y9999 加權指數,20210608,17076.21
Y9999 加權指數,20210609,16966.22
Y9999 加權指數,20210610,17159.22
Y9999 加權指數,20210611,17213.52
Y9999 加權指數,20210615,17371.29
Y9999 加權指數,20210616,17307.86
Y9999 加權指數,20210617,17390.61
Y9999 加權指數,20210618,17318.54
Y9999 加權指數,20210621,17062.98
Y9999 加權指數,20210622,17075.55
Y9999 加權指數,20210623,17336.71
Y9999 加權指數,20210624,17407.96
Y9999 加權指數,20210625,17502.99
Y9999 加權指數,20210628,17590.97
Y9999 加權指數,20210629,17598.19
Y9999 加權指數,20210630,17755.46
Y9999 加權指數,20210701,17713.94
Y9999 加權指數,20210702,17710.15
Y9999 加權指數,20210705,17919.33
Y9999 加權指數,20210706,17913.07
Y9999 加權指數,20210707,17850.69
Y9999 加權指數,20210708,17866.09
Y9999 加權指數,20210709,17661.48
Y9999 加權指數,20210712,17814.33
Y9999 加權指數,20210713,17847.52
Y9999 加權指數,20210714,17845.75
Y9999 加權指數,20210715,18034.19
Y9999 加權指數,20210716,17895.25
Y9999 加權指數,20210719,17789.25
Y9999 加權指數,20210720,17528.74
Y9999 加權指數,20210721,17458.79
Y9999 加權指數,20210722,17572.33
Y9999 加權指數,20210723,17572.92
Y9999 加權指數,20210726,17403.56
Y9999 加權指數,20210727,17269.87
Y9999 加權指數,20210728,17135.22
Y9999 加權指數,20210729,17402.81
Y9999 加權指數,20210730,17247.41
Y9999 加權指數,20210802,17503.28
Y9999 加權指數,20210803,17553.76
Y9999 加權指數,20210804,17623.89
Y9999 加權指數,20210805,17603.12
Y9999 加權指數,20210806,17526.28
Y9999 加權指數,20210809,17485.15
Y9999 加權指數,20210810,17323.64
Y9999 加權指數,20210811,17227.18
Y9999 加權指數,20210812,17219.94
Y9999 加權指數,20210813,16982.11
Y9999 加權指數,20210816,16858.77
Y9999 加權指數,20210817,16661.36
Y9999 加權指數,20210818,16826.27
Y9999 加權指數,20210819,16375.4
Y9999 加權指數,20210820,16341.94
Y9999 加權指數,20210823,16741.84
Y9999 加權指數,20210824,16818.73
Y9999 加權指數,20210825,17045.86
Y9999 加權指數,20210826,17066.96
Y9999 加權指數,20210827,17209.93
Y9999 加權指數,20210830,17396.52
Y9999 加權指數,20210831,17490.29
Y9999 加權指數,20210901,17473.99
Y9999 加權指數,20210902,17319.76
Y9999 加權指數,20210903,17516.92
Y9999 加權指數,20210906,17495.3
Y9999 加權指數,20210907,17428.87
Y9999 加權指數,20210908,17270.49
Y9999 加權指數,20210909,17304.33
Y9999 加權指數,20210910,17474.57
Y9999 加權指數,20210913,17446.31
Y9999 加權指數,20210914,17434.9
Y9999 加權指數,20210915,17354
Y9999 加權指數,20210916,17278.7
Y9999 加權指數,20210917,17276.79
Y9999 加權指數,20210922,16925.82
Y9999 加權指數,20210923,17078.22
Y9999 加權指數,20210924,17260.19
Y9999 加權指數,20210927,17313.77
Y9999 加權指數,20210928,17181.44
Y9999 加權指數,20210929,16855.46
Y9999 加權指數,20210930,16934.77
Y9999 加權指數,20211001,16570.89
Y9999 加權指數,20211004,16408.35
Y9999 加權指數,20211005,16460.75
Y9999 加權指數,20211006,16393.16
Y9999 加權指數,20211007,16713.86
Y9999 加權指數,20211008,16640.43
Y9999 加權指數,20211012,16462.84
Y9999 加權指數,20211013,16347.99
Y9999 加權指數,20211014,16387.28
Y9999 加權指數,20211015,16781.19
Y9999 加權指數,20211018,16705.46
Y9999 加權指數,20211019,16900.67
Y9999 加權指數,20211020,16887.82
Y9999 加權指數,20211021,16889.51
Y9999 加權指數,20211022,16888.74
Y9999 加權指數,20211025,16894.24
Y9999 加權指數,20211026,17034.34
Y9999 加權指數,20211027,17074.55
Y9999 加權指數,20211028,17041.63
Y9999 加權指數,20211029,16987.41
Y9999 加權指數,20211101,17068.24
Y9999 加權指數,20211102,17065.97
Y9999 加權指數,20211103,17122.16
Y9999 加權指數,20211104,17078.86
Y9999 加權指數,20211105,17296.9
Y9999 加權指數,20211108,17415.3
Y9999 加權指數,20211109,17541.36
Y9999 加權指數,20211110,17559.65
Y9999 加權指數,20211111,17452.52
Y9999 加權指數,20211112,17518.13
Y9999 加權指數,20211115,17634.47
Y9999 加權指數,20211116,17693.13
Y9999 加權指數,20211117,17764.04
Y9999 加權指數,20211118,17841.37
Y9999 加權指數,20211119,17818.31
Y9999 加權指數,20211122,17803.54
Y9999 加權指數,20211123,17666.12
Y9999 加權指數,20211124,17642.52
Y9999 加權指數,20211125,17654.19
Y9999 加權指數,20211126,17369.39
Y9999 加權指數,20211129,17328.09
Y9999 加權指數,20211130,17427.76
Y9999 加權指數,20211201,17585.99
Y9999 加權指數,20211202,17724.88
Y9999 加權指數,20211203,17697.14
Y9999 加權指數,20211206,17688.21
Y9999 加權指數,20211207,17796.92
Y9999 加權指數,20211208,17832.42
Y9999 加權指數,20211209,17914.12
Y9999 加權指數,20211210,17826.26
Y9999 加權指數,20211213,17767.6
Y9999 加權指數,20211214,17599.37
Y9999 加權指數,20211215,17660.1
Y9999 加權指數,20211216,17785.74
Y9999 加權指數,20211217,17812.59
Y9999 加權指數,20211220,17669.11
Y9999 加權指數,20211221,17789.27
Y9999 加權指數,20211222,17826.83
Y9999 加權指數,20211223,17946.66
Y9999 加權指數,20211224,17961.64
Y9999 加權指數,20211227,18048.94
Y9999 加權指數,20211228,18196.81
Y9999 加權指數,20211229,18248.28
Y9999 加權指數,20211230,18218.84
Y9999 加權指數,20220103,18270.51
Y9999 加權指數,20220104,18526.35
Y9999 加權指數,20220105,18499.96
Y9999 加權指數,20220106,18367.92
Y9999 加權指數,20220107,18169.76
Y9999 加權指數,20220110,18239.38
Y9999 加權指數,20220111,18288.21
Y9999 加權指數,20220112,18375.4
Y9999 加權指數,20220113,18436.93
Y9999 加權指數,20220114,18403.33
Y9999 加權指數,20220117,18525.44
Y9999 加權指數,20220118,18378.64
Y9999 加權指數,20220119,18227.46
Y9999 加權指數,20220120,18218.28
Y9999 加權指數,20220121,17899.3
Y9999 加權指數,20220124,17989.04
Y9999 加權指數,20220125,17701.12
Y9999 加權指數,20220126,17674.4
Y9999 加權指數,20220207,17900.3
Y9999 加權指數,20220208,17966.56
Y9999 加權指數,20220209,18151.76
Y9999 加權指數,20220210,18338.05
Y9999 加權指數,20220211,18310.94
Y9999 加權指數,20220214,17997.67
Y9999 加權指數,20220215,17951.81
Y9999 加權指數,20220216,18231.47
Y9999 加權指數,20220217,18268.57
Y9999 加權指數,20220218,18232.35
Y9999 加權指數,20220221,18221.49
Y9999 加權指數,20220222,17969.29
Y9999 加權指數,20220223,18055.73
Y9999 加權指數,20220224,17594.55
Y9999 加權指數,20220225,17652.18
Y9999 加權指數,20220301,17898.25
Y9999 加權指數,20220302,17867.6
Y9999 加權指數,20220303,17934.4
Y9999 加權指數,20220304,17736.52
Y9999 加權指數,20220307,17178.69
Y9999 加權指數,20220308,16825.25
Y9999 加權指數,20220309,17015.36
Y9999 加權指數,20220310,17433.2
Y9999 加權指數,20220311,17264.74
Y9999 加權指數,20220314,17263.04
Y9999 加權指數,20220315,16926.06
Y9999 加權指數,20220316,16940.83
Y9999 加權指數,20220317,17448.22
Y9999 加權指數,20220318,17456.52
Y9999 加權指數,20220321,17560.36
Y9999 加權指數,20220322,17559.71
Y9999 加權指數,20220323,17731.37
Y9999 加權指數,20220324,17699.06
Y9999 加權指數,20220325,17676.95
Y9999 加權指數,20220328,17520.01
Y9999 加權指數,20220329,17548.66
Y9999 加權指數,20220330,17740.56
Y9999 加權指數,20220331,17693.47
Y9999 加權指數,20220401,17625.59
Y9999 加權指數,20220406,17522.5
Y9999 加權指數,20220407,17178.63
Y9999 加權指數,20220408,17284.54
Y9999 加權指數,20220411,17048.37
Y9999 加權指數,20220412,16990.91
Y9999 加權指數,20220413,17301.65
Y9999 加權指數,20220414,17245.65
Y9999 加權指數,20220415,17004.18
Y9999 加權指數,20220418,16898.87
Y9999 加權指數,20220419,16993.4
Y9999 加權指數,20220420,17148.88
Y9999 加權指數,20220421,17127.95
Y9999 加權指數,20220422,17025.09
Y9999 加權指數,20220425,16620.9
Y9999 加權指數,20220426,16644.79
Y9999 加權指數,20220427,16303.35
Y9999 加權指數,20220428,16419.38
Y9999 加權指數,20220429,16592.18
Y9999 加權指數,20220503,16498.9
Y9999 加權指數,20220504,16565.83
Y9999 加權指數,20220505,16696.12
Y9999 加權指數,20220506,16408.2
Y9999 加權指數,20220509,16048.92
Y9999 加權指數,20220510,16061.7
Y9999 加權指數,20220511,16006.25
Y9999 加權指數,20220512,15616.68
Y9999 加權指數,20220513,15832.54
Y9999 加權指數,20220516,15901.04
Y9999 加權指數,20220517,16056.09
Y9999 加權指數,20220518,16296.86
Y9999 加權指數,20220519,16020.32
Y9999 加權指數,20220520,16144.85
Y9999 加權指數,20220523,16156.41
Y9999 加權指數,20220524,15963.63
Y9999 加權指數,20220525,16104.03
Y9999 加權指數,20220526,15968.83
Y9999 加權指數,20220527,16266.22
Y9999 加權指數,20220530,16610.62
Y9999 加權指數,20220531,16807.77
Y9999 加權指數,20220601,16675.09
Y9999 加權指數,20220602,16552.57
Y9999 加權指數,20220606,16605.96
Y9999 加權指數,20220607,16512.88
Y9999 加權指數,20220608,16670.51
Y9999 加權指數,20220609,16621.34
Y9999 加權指數,20220610,16460.12
Y9999 加權指數,20220613,16070.98
Y9999 加權指數,20220614,16047.37
Y9999 加權指數,20220615,15999.25
Y9999 加權指數,20220616,15838.61
Y9999 加權指數,20220617,15641.26
Y9999 加權指數,20220620,15367.58
Y9999 加權指數,20220621,15728.64
Y9999 加權指數,20220622,15347.75
Y9999 加權指數,20220623,15176.44
Y9999 加權指數,20220624,15303.32
Y9999 加權指數,20220627,15548.01
Y9999 加權指數,20220628,15439.92
Y9999 加權指數,20220629,15240.13
Y9999 加權指數,20220630,14825.73
Y9999 加權指數,20220701,14343.08
Y9999 加權指數,20220704,14217.06
Y9999 加權指數,20220705,14349.2
Y9999 加權指數,20220706,13985.51
Y9999 加權指數,20220707,14336.27
Y9999 加權指數,20220708,14464.53
Y9999 加權指數,20220711,14340.53
Y9999 加權指數,20220712,13950.62
Y9999 加權指數,20220713,14324.68
Y9999 加權指數,20220714,14438.52
Y9999 加權指數,20220715,14550.62
Y9999 加權指數,20220718,14719.64
Y9999 加權指數,20220719,14694.08
Y9999 加權指數,20220720,14733.22
Y9999 加權指數,20220721,14937.7
Y9999 加權指數,20220722,14949.36
Y9999 加權指數,20220725,14936.33
Y9999 加權指數,20220726,14806.78
Y9999 加權指數,20220727,14921.59
Y9999 加權指數,20220728,14891.9
Y9999 加權指數,20220729,15000.07
Y9999 加權指數,20220801,14981.69
Y9999 加權指數,20220802,14747.23
Y9999 加權指數,20220803,14777.02
Y9999 加權指數,20220804,14702.2
Y9999 加權指數,20220805,15036.04
Y9999 加權指數,20220808,15020.41
Y9999 加權指數,20220809,15050.28
Y9999 加權指數,20220810,14939.02
Y9999 加權指數,20220811,15197.85
Y9999 加權指數,20220812,15288.97
Y9999 加權指數,20220815,15417.35
Y9999 加權指數,20220816,15420.57
Y9999 加權指數,20220817,15465.45
Y9999 加權指數,20220818,15396.76
Y9999 加權指數,20220819,15408.78
Y9999 加權指數,20220822,15245.14
Y9999 加權指數,20220823,15095.89
Y9999 加權指數,20220824,15069.19
Y9999 加權指數,20220825,15200.04
Y9999 加權指數,20220826,15278.44
Y9999 加權指數,20220829,14926.19
Y9999 加權指數,20220830,14953.63
Y9999 加權指數,20220831,15095.44
Y9999 加權指數,20220901,14801.86
Y9999 加權指數,20220902,14673.04
Y9999 加權指數,20220905,14661.1
Y9999 加權指數,20220906,14677.2
Y9999 加權指數,20220907,14410.05
Y9999 加權指數,20220908,14583.42
Y9999 加權指數,20220912,14807.43
Y9999 加權指數,20220913,14894.41
Y9999 加權指數,20220914,14658.31
Y9999 加權指數,20220915,14670.04
Y9999 加權指數,20220916,14561.76
Y9999 加權指數,20220919,14425.68
Y9999 加權指數,20220920,14549.3
Y9999 加權指數,20220921,14424.52
Y9999 加權指數,20220922,14284.63
Y9999 加權指數,20220923,14118.38
Y9999 加權指數,20220926,13778.19
Y9999 加權指數,20220927,13826.59
Y9999 加權指數,20220928,13466.07
Y9999 加權指數,20220929,13534.26
Y9999 加權指數,20220930,13424.58
Y9999 加權指數,20221003,13300.48
Y9999 加權指數,20221004,13576.52
Y9999 加權指數,20221005,13801.43
Y9999 加權指數,20221006,13892.05
Y9999 加權指數,20221007,13702.28
Y9999 加權指數,20221011,13106.03
Y9999 加權指數,20221012,13081.24
Y9999 加權指數,20221013,12810.73
Y9999 加權指數,20221014,13128.12
Y9999 加權指數,20221017,12966.05
Y9999 加權指數,20221018,13124.68
Y9999 加權指數,20221019,12976.76
Y9999 加權指數,20221020,12946.1
Y9999 加權指數,20221021,12819.2
Y9999 加權指數,20221024,12856.98
Y9999 加權指數,20221025,12666.12
Y9999 加權指數,20221026,12729.05
Y9999 加權指數,20221027,12926.37
Y9999 加權指數,20221028,12788.42
Y9999 加權指數,20221031,12949.75
Y9999 加權指數,20221101,13037.21
Y9999 加權指數,20221102,13100.17
Y9999 加權指數,20221103,12986.6
Y9999 加權指數,20221104,13026.71
Y9999 加權指數,20221107,13223.73
Y9999 加權指數,20221108,13347.76
Y9999 加權指數,20221109,13638.81
Y9999 加權指數,20221110,13503.76
Y9999 加權指數,20221111,14007.56
Y9999 加權指數,20221114,14174.9
Y9999 加權指數,20221115,14546.31
Y9999 加權指數,20221116,14537.35
Y9999 加權指數,20221117,14535.23
Y9999 加權指數,20221118,14504.99
Y9999 加權指數,20221121,14449.39
Y9999 加權指數,20221122,14542.2
Y9999 加權指數,20221123,14608.54
Y9999 加權指數,20221124,14784
Y9999 加權指數,20221125,14778.51
Y9999 加權指數,20221128,14556.87
Y9999 加權指數,20221129,14709.64
Y9999 加權指數,20221130,14879.55
Y9999 加權指數,20221201,15012.8
Y9999 加權指數,20221202,14970.68
Y9999 加權指數,20221205,14980.74
Y9999 加權指數,20221206,14728.88
Y9999 加權指數,20221207,14630.01
Y9999 加權指數,20221208,14553.04
Y9999 加權指數,20221209,14705.43
Y9999 加權指數,20221212,14612.59
Y9999 加權指數,20221213,14522.96
Y9999 加權指數,20221214,14739.36
Y9999 加權指數,20221215,14734.13
Y9999 加權指數,20221216,14528.55
Y9999 加權指數,20221219,14433.32
Y9999 加權指數,20221220,14170.03
Y9999 加權指數,20221221,14234.4
Y9999 加權指數,20221222,14442.94
Y9999 加權指數,20221223,14271.63
Y9999 加權指數,20221226,14285.13
Y9999 加權指數,20221227,14328.43
Y9999 加權指數,20221228,14173.1
Y9999 加權指數,20221229,14085.02
Y9999 加權指數,20221230,14137.69
Y9999 加權指數,20230103,14224.12
Y9999 加權指數,20230104,14199.13
Y9999 加權指數,20230105,14301.05
Y9999 加權指數,20230106,14373.34
Y9999 加權指數,20230109,14752.21
Y9999 加權指數,20230110,14802.96
Y9999 加權指數,20230111,14751.44
Y9999 加權指數,20230112,14731.64
Y9999 加權指數,20230113,14824.13
Y9999 加權指數,20230116,14927.01
Y9999 加權指數,20230117,14932.93
Y9999 加權指數,20230130,15493.82
Y9999 加權指數,20230131,15265.2
Y9999 加權指數,20230201,15420.13
Y9999 加權指數,20230202,15595.16
Y9999 加權指數,20230203,15602.66
Y9999 加權指數,20230206,15392.82
Y9999 加權指數,20230207,15400.91
Y9999 加權指數,20230208,15618.17
Y9999 加權指數,20230209,15598.71
Y9999 加權指數,20230210,15586.65
Y9999 加權指數,20230213,15544.28
Y9999 加權指數,20230214,15654.48
Y9999 加權指數,20230215,15432.89
Y9999 加權指數,20230216,15550.5
Y9999 加權指數,20230217,15479.7
Y9999 加權指數,20230220,15551.23
Y9999 加權指數,20230221,15563
Y9999 加權指數,20230222,15418.77
Y9999 加權指數,20230223,15615.41
Y9999 加權指數,20230224,15503.79
Y9999 加權指數,20230301,15598.49
Y9999 加權指數,20230302,15598.72
Y9999 加權指數,20230303,15608.42
Y9999 加權指數,20230306,15763.51
Y9999 加權指數,20230307,15857.89
Y9999 加權指數,20230308,15818.2
Y9999 加權指數,20230309,15770.66
Y9999 加權指數,20230310,15526.2
Y9999 加權指數,20230313,15560.49
Y9999 加權指數,20230314,15360.42
Y9999 加權指數,20230315,15387.59
Y9999 加權指數,20230316,15221.12
Y9999 加權指數,20230317,15452.96
Y9999 加權指數,20230320,15419.97
Y9999 加權指數,20230321,15513.45
Y9999 加權指數,20230322,15760.46
Y9999 加權指數,20230323,15863.95
Y9999 加權指數,20230324,15914.7
Y9999 加權指數,20230327,15830.31
Y9999 加權指數,20230328,15701.48
Y9999 加權指數,20230329,15769.76
Y9999 加權指數,20230330,15849.43
Y9999 加權指數,20230331,15868.06
Y9999 加權指數,20230406,15810.77
Y9999 加權指數,20230407,15836.5
Y9999 加權指數,20230410,15876.17
Y9999 加權指數,20230411,15913.88
Y9999 加權指數,20230412,15932.97
Y9999 加權指數,20230413,15804.76
Y9999 加權指數,20230414,15929.43
Y9999 加權指數,20230417,15963.55
Y9999 加權指數,20230418,15869.44
Y9999 加權指數,20230419,15770.47
Y9999 加權指數,20230420,15707.52
Y9999 加權指數,20230421,15602.99
Y9999 加權指數,20230424,15626.87
Y9999 加權指數,20230425,15370.73
Y9999 加權指數,20230426,15374.63
Y9999 加權指數,20230427,15411.49
Y9999 加權指數,20230428,15579.18
Y9999 加權指數,20230502,15636.48
Y9999 加權指數,20230503,15553.41
Y9999 加權指數,20230504,15609.03
Y9999 加權指數,20230505,15626.07
Y9999 加權指數,20230508,15699.57
Y9999 加權指數,20230509,15727.7
Y9999 加權指數,20230510,15641.76
Y9999 加權指數,20230511,15514.64
Y9999 加權指數,20230512,15502.36
Y9999 加權指數,20230515,15475.05
Y9999 加權指數,20230516,15673.9
Y9999 加權指數,20230517,15925.29
Y9999 加權指數,20230518,16101.88
Y9999 加權指數,20230519,16174.92
Y9999 加權指數,20230522,16180.89
Y9999 加權指數,20230523,16188.03
Y9999 加權指數,20230524,16159.32
Y9999 加權指數,20230525,16292
Y9999 加權指數,20230526,16505.05
Y9999 加權指數,20230529,16636.3
Y9999 加權指數,20230530,16622.74
Y9999 加權指數,20230531,16578.96
Y9999 加權指數,20230601,16512.65
Y9999 加權指數,20230602,16706.91
Y9999 加權指數,20230605,16714.43
Y9999 加權指數,20230606,16761.66
Y9999 加權指數,20230607,16922.48
Y9999 加權指數,20230608,16733.69
Y9999 加權指數,20230609,16886.4
Y9999 加權指數,20230612,16955.37
Y9999 加權指數,20230613,17216.6
Y9999 加權指數,20230614,17238.14
Y9999 加權指數,20230615,17334.98
Y9999 加權指數,20230616,17288.91
Y9999 加權指數,20230619,17274.56
Y9999 加權指數,20230620,17184.91
Y9999 加權指數,20230621,17202.4
Y9999 加權指數,20230626,17059.24
Y9999 加權指數,20230627,16887.9
Y9999 加權指數,20230628,16935.63
Y9999 加權指數,20230629,16942.3
Y9999 加權指數,20230630,16915.54
Y9999 加權指數,20230703,17084.2
Y9999 加權指數,20230704,17140.77
Y9999 加權指數,20230705,17056.43
Y9999 加權指數,20230706,16762.17
Y9999 加權指數,20230707,16664.21
Y9999 加權指數,20230710,16652.8
Y9999 加權指數,20230711,16898.91
Y9999 加權指數,20230712,16962.03
Y9999 加權指數,20230713,17061.4
Y9999 加權指數,20230714,17283.71
Y9999 加權指數,20230717,17334.29
Y9999 加權指數,20230718,17227.91
Y9999 加權指數,20230719,17116.44
Y9999 加權指數,20230720,17164.89
Y9999 加權指數,20230721,17030.7
Y9999 加權指數,20230724,17033.61
Y9999 加權指數,20230725,17198.89
Y9999 加權指數,20230726,17162.55
Y9999 加權指數,20230727,17241.82
Y9999 加權指數,20230728,17292.93
Y9999 加權指數,20230731,17145.43
Y9999 加權指數,20230801,17212.87
Y9999 加權指數,20230802,16893.73
Y9999 加權指數,20230804,16843.68
Y9999 加權指數,20230807,16996
Y9999 加權指數,20230808,16877.07
Y9999 加權指數,20230809,16870.94
Y9999 加權指數,20230810,16634.7
Y9999 加權指數,20230811,16601.25
Y9999 加權指數,20230814,16393.66
Y9999 加權指數,20230815,16454.8
Y9999 加權指數,20230816,16446.78
Y9999 加權指數,20230817,16516.66
Y9999 加權指數,20230818,16381.31
Y9999 加權指數,20230821,16381.49
Y9999 加權指數,20230822,16437.61
Y9999 加權指數,20230823,16576.9
Y9999 加權指數,20230824,16770.87
Y9999 加權指數,20230825,16481.58
Y9999 加權指數,20230828,16509.26
Y9999 加權指數,20230829,16623.65
Y9999 加權指數,20230830,16719.82
Y9999 加權指數,20230831,16634.51
Y9999 加權指數,20230901,16644.94
Y9999 加權指數,20230904,16789.69
Y9999 加權指數,20230905,16791.61
Y9999 加權指數,20230906,16738.16
Y9999 加權指數,20230907,16619.14
Y9999 加權指數,20230908,16576.02
Y9999 加權指數,20230911,16432.95
Y9999 加權指數,20230912,16572.71
Y9999 加權指數,20230913,16581.51
Y9999 加權指數,20230914,16807.56
Y9999 加權指數,20230915,16920.92
Y9999 加權指數,20230918,16698.24
Y9999 加權指數,20230919,16636.32
Y9999 加權指數,20230920,16534.75
Y9999 加權指數,20230921,16316.67
Y9999 加權指數,20230922,16344.48
Y9999 加權指數,20230925,16452.23
Y9999 加權指數,20230926,16276.07
Y9999 加權指數,20230927,16310.36
Y9999 加權指數,20230928,16353.74
Y9999 加權指數,20231002,16557.31
Y9999 加權指數,20231003,16454.34
Y9999 加權指數,20231004,16273.38
Y9999 加權指數,20231005,16453.52
Y9999 加權指數,20231006,16520.57
Y9999 加權指數,20231011,16672.03
Y9999 加權指數,20231012,16825.91
Y9999 加權指數,20231013,16782.57
Y9999 加權指數,20231016,16652.24
Y9999 加權指數,20231017,16642.55
Y9999 加權指數,20231018,16440.91
Y9999 加權指數,20231019,16452.73
Y9999 加權指數,20231020,16440.72
Y9999 加權指數,20231023,16251.36
Y9999 加權指數,20231024,16309.76
Y9999 加權指數,20231025,16358.89
Y9999 加權指數,20231026,16073.74
Y9999 加權指數,20231027,16134.61
Y9999 加權指數,20231030,16149.68
Y9999 加權指數,20231031,16001.27
Y9999 加權指數,20231101,16038.56
Y9999 加權指數,20231102,16396.95
Y9999 加權指數,20231103,16507.65
Y9999 加權指數,20231106,16649.36
Y9999 加權指數,20231107,16684.95
Y9999 加權指數,20231108,16740.83
Y9999 加權指數,20231109,16745.65
Y9999 加權指數,20231110,16682.67
Y9999 加權指數,20231113,16839.29
Y9999 加權指數,20231114,16915.71
Y9999 加權指數,20231115,17128.78
Y9999 加權指數,20231116,17171.18
Y9999 加權指數,20231117,17208.95
Y9999 加權指數,20231120,17210.47
Y9999 加權指數,20231121,17416.7
Y9999 加權指數,20231122,17310.26
Y9999 加權指數,20231123,17294.55
Y9999 加權指數,20231124,17287.42
Y9999 加權指數,20231127,17137.42
Y9999 加權指數,20231128,17341.25
Y9999 加權指數,20231129,17370.56
Y9999 加權指數,20231130,17433.85
Y9999 加權指數,20231201,17438.35
Y9999 加權指數,20231204,17421.48
Y9999 加權指數,20231205,17328.01
Y9999 加權指數,20231206,17360.72
Y9999 加權指數,20231207,17278.74
Y9999 加權指數,20231208,17383.99
Y9999 加權指數,20231211,17418.34
Y9999 加權指數,20231212,17450.63
Y9999 加權指數,20231213,17468.93
Y9999 加權指數,20231214,17653.11
Y9999 加權指數,20231215,17673.87
Y9999 加權指數,20231218,17652.03
Y9999 加權指數,20231219,17576.55
Y9999 加權指數,20231220,17635.2
Y9999 加權指數,20231221,17543.74
Y9999 加權指數,20231222,17596.63
Y9999 加權指數,20231225,17604.84
Y9999 加權指數,20231226,17751.73
Y9999 加權指數,20231227,17891.5
Y9999 加權指數,20231228,17910.37
Y9999 加權指數,20231229,17930.81
Y9999 加權指數,20240102,17853.76
Y9999 加權指數,20240103,17559.31
Y9999 加權指數,20240104,17549.65
Y9999 加權指數,20240105,17519.14
Y9999 加權指數,20240108,17572.66
Y9999 加權指數,20240109,17535.49
Y9999 加權指數,20240110,17465.63
Y9999 加權指數,20240111,17545.32
Y9999 加權指數,20240112,17512.83
Y9999 加權指數,20240115,17546.82
Y9999 加權指數,20240116,17346.87
Y9999 加權指數,20240117,17161.79
Y9999 加權指數,20240118,17227.79
Y9999 加權指數,20240119,17681.52
Y9999 加權指數,20240122,17815.1
Y9999 加權指數,20240123,17874.59
Y9999 加權指數,20240124,17875.83
Y9999 加權指數,20240125,18002.62
Y9999 加權指數,20240126,17995.03
Y9999 加權指數,20240129,18119.63
Y9999 加權指數,20240130,18034.63
Y9999 加權指數,20240131,17889.56
Y9999 加權指數,20240201,17968.11
Y9999 加權指數,20240202,18059.93
Y9999 加權指數,20240205,18096.07
Y9999 加權指數,20240215,18644.57
Y9999 加權指數,20240216,18607.25
Y9999 加權指數,20240219,18635.8
Y9999 加權指數,20240220,18753.16
Y9999 加權指數,20240221,18676.31
Y9999 加權指數,20240222,18852.78
Y9999 加權指數,20240223,18889.19
Y9999 加權指數,20240226,18948.05
Y9999 加權指數,20240227,18854.41
Y9999 加權指數,20240229,18966.77
Y9999 加權指數,20240301,18935.93
Y9999 加權指數,20240304,19305.31
Y9999 加權指數,20240305,19386.92
Y9999 加權指數,20240306,19499.45
Y9999 加權指數,20240307,19693.52
Y9999 加權指數,20240308,19785.32
Y9999 加權指數,20240311,19726.08
Y9999 加權指數,20240312,19914.55
Y9999 加權指數,20240313,19928.51
Y9999 加權指數,20240314,19937.92
Y9999 加權指數,20240315,19682.5
Y9999 加權指數,20240318,19879.85
Y9999 加權指數,20240319,19857.2
Y9999 加權指數,20240320,19784.45
Y9999 加權指數,20240321,20199.09
Y9999 加權指數,20240322,20228.43
Y9999 加權指數,20240325,20192.25
Y9999 加權指數,20240326,20126.49
Y9999 加權指數,20240327,20200.12
Y9999 加權指數,20240328,20146.55
Y9999 加權指數,20240329,20294.45
Y9999 加權指數,20240401,20222.33
Y9999 加權指數,20240402,20466.57
Y9999 加權指數,20240403,20337.6
Y9999 加權指數,20240408,20417.7
Y9999 加權指數,20240409,20796.2
Y9999 加權指數,20240410,20763.53
Y9999 加權指數,20240411,20753.22
Y9999 加權指數,20240412,20736.57
Y9999 加權指數,20240415,20449.77
Y9999 加權指數,20240416,19901.96
Y9999 加權指數,20240417,20213.33
Y9999 加權指數,20240418,20301.2
Y9999 加權指數,20240419,19527.12
Y9999 加權指數,20240422,19411.22
Y9999 加權指數,20240423,19599.28
Y9999 加權指數,20240424,20131.74
Y9999 加權指數,20240425,19857.42
Y9999 加權指數,20240426,20120.51
Y9999 加權指數,20240429,20495.52
Y9999 加權指數,20240430,20396.6
Y9999 加權指數,20240502,20222.44
Y9999 加權指數,20240503,20330.32
Y9999 加權指數,20240506,20523.31
Y9999 加權指數,20240507,20653.53
Y9999 加權指數,20240508,20700.51
Y9999 加權指數,20240509,20560.77
Y9999 加權指數,20240510,20708.84
Y9999 加權指數,20240513,20857.71
Y9999 加權指數,20240514,20985.85
Y9999 加權指數,20240515,21147.21
Y9999 加權指數,20240516,21304.26
Y9999 加權指數,20240517,21258.47
Y9999 加權指數,20240520,21271.63
Y9999 加權指數,20240521,21236.75
Y9999 加權指數,20240522,21551.83
Y9999 加權指數,20240523,21607.43
Y9999 加權指數,20240524,21565.34
Y9999 加權指數,20240527,21803.77
Y9999 加權指數,20240528,21858.41
Y9999 加權指數,20240529,21662.5
Y9999 加權指數,20240530,21364.48
Y9999 加權指數,20240531,21174.22
Y9999 加權指數,20240603,21536.76
Y9999 加權指數,20240604,21356.62
Y9999 加權指數,20240605,21484.88
Y9999 加權指數,20240606,21902.7
Y9999 加權指數,20240607,21858.38
Y9999 加權指數,20240611,21792.12
Y9999 加權指數,20240612,22048.96
Y9999 加權指數,20240613,22312.04
Y9999 加權指數,20240614,22504.72
Y9999 加權指數,20240617,22496.53
Y9999 加權指數,20240618,22757.43
Y9999 加權指數,20240619,23209.54
Y9999 加權指數,20240620,23406.1
Y9999 加權指數,20240621,23253.39
Y9999 加權指數,20240624,22813.7
Y9999 加權指數,20240625,22875.97
Y9999 加權指數,20240626,22986.69
Y9999 加權指數,20240627,22905.98
Y9999 加權指數,20240628,23032.25
Y9999 加權指數,20240701,23058.57
Y9999 加權指數,20240702,22879.37
Y9999 加權指數,20240703,23172.43
Y9999 加權指數,20240704,23522.53
Y9999 加權指數,20240705,23556.59
Y9999 加權指數,20240708,23878.15
Y9999 加權指數,20240709,23900.08
Y9999 加權指數,20240710,24007.08
Y9999 加權指數,20240711,24390.03
Y9999 加權指數,20240712,23916.93
Y9999 加權指數,20240715,23879.36
Y9999 加權指數,20240716,23997.25
Y9999 加權指數,20240717,23769.82
Y9999 加權指數,20240718,23398.47
Y9999 加權指數,20240719,22869.26
Y9999 加權指數,20240722,22256.99
Y9999 加權指數,20240723,22871.84
Y9999 加權指數,20240726,22119.21
Y9999 加權指數,20240729,22164.49
Y9999 加權指數,20240730,22223.57
Y9999 加權指數,20240731,22199.35
Y9999 加權指數,20240801,22642.1
Y9999 加權指數,20240802,21638.09
Y9999 加權指數,20240805,19830.88
Y9999 加權指數,20240806,20501.02
Y9999 加權指數,20240807,21295.28
Y9999 加權指數,20240808,20870.1
Y9999 加權指數,20240809,21469
Y9999 加權指數,20240812,21773.26
Y9999 加權指數,20240813,21796.57
Y9999 加權指數,20240814,22027.25
Y9999 加權指數,20240815,21895.17
Y9999 加權指數,20240816,22349.33
Y9999 加權指數,20240819,22409.63
Y9999 加權指數,20240820,22429.1
Y9999 加權指數,20240821,22237.89
Y9999 加權指數,20240822,22148.83
Y9999 加權指數,20240823,22158.05
Y9999 加權指數,20240826,22240.12
Y9999 加權指數,20240827,22185
Y9999 加權指數,20240828,22370.66
Y9999 加權指數,20240829,22201.85
Y9999 加權指數,20240830,22268.09
Y9999 加權指數,20240902,22235.1
Y9999 加權指數,20240903,22092.21
Y9999 加權指數,20240904,21092.75
Y9999 加權指數,20240905,21187.71
Y9999 加權指數,20240906,21435.19
Y9999 加權指數,20240909,21144.44
Y9999 加權指數,20240910,21064.08
Y9999 加權指數,20240911,21031
Y9999 加權指數,20240912,21653.25
Y9999 加權指數,20240913,21759.65
Y9999 加權指數,20240916,21850.08
Y9999 加權指數,20240918,21678.84
Y9999 加權指數,20240919,22042.69
Y9999 加權指數,20240920,22159.42
Y9999 加權指數,20240923,22285.53
Y9999 加權指數,20240924,22431.78
Y9999 加權指數,20240925,22761.6
Y9999 加權指數,20240926,22858.81
Y9999 加權指數,20240927,22822.79
Y9999 加權指數,20240930,22224.54
Y9999 加權指數,20241001,22390.39
Y9999 加權指數,20241004,22302.71
Y9999 加權指數,20241007,22702.56
Y9999 加權指數,20241008,22611.39
Y9999 加權指數,20241009,22659.08
Y9999 加權指數,20241011,22901.64
Y9999 加權指數,20241014,22975.29
Y9999 加權指數,20241015,23292.04
Y9999 加權指數,20241016,23010.98
Y9999 加權指數,20241017,23053.84
Y9999 加權指數,20241018,23487.27
Y9999 加權指數,20241021,23542.53
Y9999 加權指數,20241022,23535.43
Y9999 加權指數,20241023,23334.76
Y9999 加權指數,20241024,23192.52
Y9999 加權指數,20241025,23348.45
Y9999 加權指數,20241028,23198.07
Y9999 加權指數,20241029,22926.59
Y9999 加權指數,20241030,22820.43
Y9999 加權指數,20241101,22780.08
Y9999 加權指數,20241104,22965.39
Y9999 加權指數,20241105,23106.79
Y9999 加權指數,20241106,23217.38
Y9999 加權指數,20241107,23408.82
Y9999 加權指數,20241108,23553.89
Y9999 加權指數,20241111,23529.64
Y9999 加權指數,20241112,22981.77
Y9999 加權指數,20241113,22860.23
Y9999 加權指數,20241114,22715.38
Y9999 加權指數,20241115,22742.77
Y9999 加權指數,20241118,22546.54
Y9999 加權指數,20241119,22848.8
Y9999 加權指數,20241120,22688.36
Y9999 加權指數,20241121,22555.66
Y9999 加權指數,20241122,22904.32
Y9999 加權指數,20241125,22948.37
Y9999 加權指數,20241126,22678.76
Y9999 加權指數,20241127,22334.78
Y9999 加權指數,20241128,22298.9
Y9999 加權指數,20241129,22262.5
Y9999 加權指數,20241202,22736.93
Y9999 加權指數,20241203,23027.46
Y9999 加權指數,20241204,23255.33
Y9999 加權指數,20241205,23267.94
Y9999 加權指數,20241206,23193.27
Y9999 加權指數,20241209,23273.25
Y9999 加權指數,20241210,23125.08
Y9999 加權指數,20241211,22903.63
Y9999 加權指數,20241212,23046.8
Y9999 加權指數,20241213,23020.48
Y9999 加權指數,20241216,23039.9
Y9999 加權指數,20241217,23018.01
Y9999 加權指數,20241218,23168.67
Y9999 加權指數,20241219,22932.25
Y9999 加權指數,20241220,22510.25
Y9999 加權指數,20241223,23104.54
Y9999 加權指數,20241224,23120.24
Y9999 加權指數,20241225,23220.13
Y9999 加權指數,20241226,23246.94
Y9999 加權指數,20241227,23275.68
Y9999 加權指數,20241230,23190.2
Y9999 加權指數,20241231,23035.1
Y9999 加權指數,20250102,22832.06
Y9999 加權指數,20250103,22908.3
Y9999 加權指數,20250106,23547.71
Y9999 加權指數,20250107,23651.27
Y9999 加權指數,20250108,23407.33
Y9999 加權指數,20250109,23081.13
Y9999 加權指數,20250110,23011.86
Y9999 加權指數,20250113,22488.33
Y9999 加權指數,20250114,22797.52
Y9999 加權指數,20250115,22514.57
Y9999 加權指數,20250116,23025.1
Y9999 加權指數,20250117,23148.08
Y9999 加權指數,20250120,23266.82
Y9999 加權指數,20250121,23300.01
Y9999 加權指數,20250122,23525.41
Y9999 加權指數,20250203,22694.71
Y9999 加權指數,20250204,22793.96
Y9999 加權指數,20250205,23161.58
Y9999 加權指數,20250206,23316.6
Y9999 加權指數,20250207,23478.27
Y9999 加權指數,20250210,23252.14
Y9999 加權指數,20250211,23384.05
Y9999 加權指數,20250212,23289.75
Y9999 加權指數,20250213,23399.41
Y9999 加權指數,20250214,23152.61
Y9999 加權指數,20250217,23505.33
Y9999 加權指數,20250218,23666.11
Y9999 加權指數,20250219,23604.08
Y9999 加權指數,20250220,23487.46
Y9999 加權指數,20250221,23730.25
Y9999 加權指數,20250224,23565.31
Y9999 加權指數,20250225,23285.72
Y9999 加權指數,20250226,23402.55
Y9999 加權指數,20250227,23053.18
Y9999 加權指數,20250303,22756.25
Y9999 加權指數,20250304,22596.88
Y9999 加權指數,20250305,22871.9
Y9999 加權指數,20250306,22715.43
Y9999 加權指數,20250307,22576.07
Y9999 加權指數,20250310,22459.15
Y9999 加權指數,20250311,22071.09
Y9999 加權指數,20250312,22278.36
Y9999 加權指數,20250313,21961.68
Y9999 加權指數,20250314,21968.05
Y9999 加權指數,20250317,22118.63
Y9999 加權指數,20250318,22271.67
Y9999 加權指數,20250319,21960.83
Y9999 加權指數,20250320,22377.26
Y9999 加權指數,20250321,22209.1
Y9999 加權指數,20250324,22106.64
Y9999 加權指數,20250325,22273.19
Y9999 加權指數,20250326,22260.29
Y9999 加權指數,20250327,21951.76
Y9999 加權指數,20250328,21602.89
Y9999 加權指數,20250331,20695.9
Y9999 加權指數,20250401,21280.17
Y9999 加權指數,20250402,21298.22
Y9999 加權指數,20250407,19232.35
Y9999 加權指數,20250408,18459.95
Y9999 加權指數,20250409,17391.76
Y9999 加權指數,20250410,19000.03
Y9999 加權指數,20250411,19528.77
Y9999 加權指數,20250414,19513.09
Y9999 加權指數,20250415,19857.67
Y9999 加權指數,20250416,19468
Y9999 加權指數,20250417,19338.73
Y9999 加權指數,20250418,19395.03
Y9999 加權指數,20250421,19106.2
Y9999 加權指數,20250422,18793.43
Y9999 加權指數,20250423,19639.14
Y9999 加權指數,20250424,19478.81
Y9999 加權指數,20250425,19872.73
Y9999 加權指數,20250428,20034.41
Y9999 加權指數,20250429,20232.63
Y9999 加權指數,20250430,20235.03
Y9999 加權指數,20250502,20787.64
Y9999 加權指數,20250505,20532.99
Y9999 加權指數,20250506,20522.59
Y9999 加權指數,20250507,20546.49
Y9999 加權指數,20250508,20543.4
Y9999 加權指數,20250509,20915.04
Y9999 加權指數,20250512,21129.54
Y9999 加權指數,20250513,21330.14
Y9999 加權指數,20250514,21782.87
Y9999 加權指數,20250515,21730.25
Y9999 加權指數,20250516,21843.69
Y9999 加權指數,20250519,21523.83
Y9999 加權指數,20250520,21526.03
Y9999 加權指數,20250521,21803.91
Y9999 加權指數,20250522,21670.96
Y9999 加權指數,20250523,21652.24
Y9999 加權指數,20250526,21536.57
Y9999 加權指數,20250527,21336.54
Y9999 加權指數,20250528,21357.72
Y9999 加權指數,20250529,21347.3
Y9999 加權指數,20250602,21002.71
Y9999 加權指數,20250603,21126.93
Y9999 加權指數,20250604,21618.09
Y9999 加權指數,20250605,21674.43
Y9999 加權指數,20250606,21660.66
Y9999 加權指數,20250609,21790.29
Y9999 加權指數,20250610,22242.14
Y9999 加權指數,20250611,22470.1
Y9999 加權指數,20250612,22287.82
Y9999 加權指數,20250613,22072.95
Y9999 加權指數,20250616,22049.9
Y9999 加權指數,20250617,22211.59
Y9999 加權指數,20250618,22356.73
Y9999 加權指數,20250619,22003.5
Y9999 加權指數,20250620,22045.74
Y9999 加權指數,20250623,21732.02
Y9999 加權指數,20250624,22188.76
Y9999 加權指數,20250625,22430.61
Y9999 加權指數,20250626,22492.34
Y9999 加權指數,20250627,22580.08
Y9999 加權指數,20250630,22256.02
Y9999 加權指數,20250701,22553.72
Y9999 加權指數,20250702,22577.74
Y9999 加權指數,20250703,22712.97
Y9999 加權指數,20250704,22547.5
Y9999 加權指數,20250707,22428.72
Y9999 加權指數,20250708,22362.27
Y9999 加權指數,20250709,22527.01
Y9999 加權指數,20250710,22693.25
Y9999 加權指數,20250711,22751.03
Y9999 加權指數,20250714,22614.97
Y9999 加權指數,20250715,22835.94
Y9999 加權指數,20250716,23042.9
Y9999 加權指數,20250717,23113.28
Y9999 加權指數,20250718,23383.13
Y9999 加權指數,20250721,23340.56
Y9999 加權指數,20250722,22987.92
Y9999 加權指數,20250723,23318.67
Y9999 加權指數,20250724,23373.73
Y9999 加權指數,20250725,23364.38
Y9999 加權指數,20250728,23412.98
Y9999 加權指數,20250729,23201.52
Y9999 加權指數,20250730,23461.72
Y9999 加權指數,20250731,23542.52
Y9999 加權指數,20250801,23434.38
Y9999 加權指數,20250804,23378.94
Y9999 加權指數,20250805,23660.59
Y9999 加權指數,20250806,23447.36
Y9999 加權指數,20250807,24003.77
Y9999 加權指數,20250808,24021.26
Y9999 加權指數,20250811,24135.5
Y9999 加權指數,20250812,24158.36
Y9999 加權指數,20250813,24370.02
Y9999 加權指數,20250814,24238.1
Y9999 加權指數,20250815,24334.48
Y9999 加權指數,20250818,24482.52
Y9999 加權指數,20250819,24353.5
Y9999 加權指數,20250820,23625.44
Y9999 加權指數,20250821,23962.13
Y9999 加權指數,20250822,23764.47
Y9999 加權指數,20250825,24277.38
Y9999 加權指數,20250826,24305.1
Y9999 加權指數,20250827,24519.9
Y9999 加權指數,20250828,24236.45
Y9999 加權指數,20250829,24233.1
Y9999 加權指數,20250901,24071.73
Y9999 加權指數,20250902,24016.78
Y9999 加權指數,20250903,24100.3
Y9999 加權指數,20250904,24179.85
Y9999 加權指數,20250905,24494.58
Y9999 加權指數,20250908,24547.38
Y9999 加權指數,20250909,24855.18
Y9999 加權指數,20250910,25192.59
Y9999 加權指數,20250911,25215.71
Y9999 加權指數,20250912,25474.64
Y9999 加權指數,20250915,25357.16
Y9999 加權指數,20250916,25629.64
Y9999 加權指數,20250917,25438.25
Y9999 加權指數,20250918,25769.36
Y9999 加權指數,20250919,25578.37
Y9999 加權指數,20250922,25880.6
Y9999 加權指數,20250923,26247.37
Y9999 加權指數,20250924,26196.73
Y9999 加權指數,20250925,26023.85
Y9999 加權指數,20250926,25580.32
Y9999 加權指數,20250930,25820.54
Y9999 加權指數,20251001,25982.91
Y9999 加權指數,20251002,26378.39
Y9999 加權指數,20251003,26761.06
Y9999 加權指數,20251007,27211.95
Y9999 加權指數,20251008,27063.68
Y9999 加權指數,20251009,27301.92
Y9999 加權指數,20251013,26923.42
Y9999 加權指數,20251014,26793.15
Y9999 加權指數,20251015,27275.71
Y9999 加權指數,20251016,27647.87
Y9999 加權指數,20251017,27302.37
Y9999 加權指數,20251020,27688.63
Y9999 加權指數,20251021,27752.41
Y9999 加權指數,20251022,27648.91
Y9999 加權指數,20251023,27532.26
Y9999 加權指數,20251027,27993.63
Y9999 加權指數,20251028,27949.11
Y9999 加權指數,20251029,28294.74
Y9999 加權指數,20251030,28287.53
Y9999 加權指數,20251031,28233.35
Y9999 加權指數,20251103,28334.59
Y9999 加權指數,20251104,28116.56
Y9999 加權指數,20251105,27717.06
Y9999 加權指數,20251106,27899.45
Y9999 加權指數,20251107,27651.41
Y9999 加權指數,20251110,27869.51
Y9999 加權指數,20251111,27784.95
Y9999 加權指數,20251112,27947.09
Y9999 加權指數,20251113,27903.56
Y9999 加權指數,20251114,27397.5
Y9999 加權指數,20251117,27447.31
Y9999 加權指數,20251118,26756.12
Y9999 加權指數,20251119,26580.12
Y9999 加權指數,20251120,27426.36
Y9999 加權指數,20251121,26434.94
Y9999 加權指數,20251124,26504.24
Y9999 加權指數,20251125,26912.17
Y9999 加權指數,20251126,27409.54
Y9999 加權指數,20251127,27554.53
Y9999 加權指數,20251128,27626.48
Y9999 加權指數,20251201,27342.53
Y9999 加權指數,20251202,27564.27
Y9999 加權指數,20251203,27793.04
Y9999 加權指數,20251204,27795.71
Y9999 加權指數,20251205,27980.89
Y9999 加權指數,20251208,28303.78
Y9999 加權指數,20251209,28182.6
Y9999 加權指數,20251210,28400.73
Y9999 加權指數,20251211,28024.75
Y9999 加權指數,20251212,28198.02
Y9999 加權指數,20251215,27866.94
Y9999 加權指數,20251216,27536.66
Y9999 加權指數,20251217,27525.17
Y9999 加權指數,20251218,27468.53
Y9999 加權指數,20251219,27696.35
Y9999 加權指數,20251222,28149.64
Y9999 加權指數,20251223,28310.47
Y9999 加權指數,20251224,28371.98
Y9999 加權指數,20251226,28556.02
